code,concept,present,matched_column
ZACKS/EE,ticker,True,m_ticker
ZACKS/EE,observation_or_effective_date,False,
ZACKS/EE,fiscal_period,True,per_end_date
ZACKS/EE,eps_consensus_estimate,True,eps_mean_est
ZACKS/EE,revenue_or_sales_estimate,False,
ZACKS/EE,analyst_count,True,eps_mean_est
ZACKS/EE,estimate_high_low_std,True,eps_high_est
ZACKS/EE,upward_revision_count,False,
ZACKS/EE,downward_revision_count,False,
ZACKS/EE,prior_estimate,False,
ZACKS/EE,new_estimate,False,
ZACKS/EE,broker_or_analyst,False,
ZACKS/EE,_SCHEMA_BACKTESTABLE,False,
ZACKS/EE,_FULL_ACCESS_NOT_SAMPLE,False,
ZACKS/EE,_BACKTESTABLE,False,
ZACKS/LTG,ticker,True,m_ticker
ZACKS/LTG,observation_or_effective_date,False,
ZACKS/LTG,fiscal_period,False,
ZACKS/LTG,eps_consensus_estimate,True,eps_mean_est_fwd12m
ZACKS/LTG,revenue_or_sales_estimate,False,
ZACKS/LTG,analyst_count,True,eps_mean_est_fwd12m
ZACKS/LTG,estimate_high_low_std,True,eps_high_est_fwd12m
ZACKS/LTG,upward_revision_count,False,
ZACKS/LTG,downward_revision_count,False,
ZACKS/LTG,prior_estimate,False,
ZACKS/LTG,new_estimate,False,
ZACKS/LTG,broker_or_analyst,False,
ZACKS/LTG,_SCHEMA_BACKTESTABLE,False,
ZACKS/LTG,_FULL_ACCESS_NOT_SAMPLE,False,
ZACKS/LTG,_BACKTESTABLE,False,
ZACKS/MT,ticker,True,m_ticker
ZACKS/MT,observation_or_effective_date,False,
ZACKS/MT,fiscal_period,False,
ZACKS/MT,eps_consensus_estimate,False,
ZACKS/MT,revenue_or_sales_estimate,False,
ZACKS/MT,analyst_count,False,
ZACKS/MT,estimate_high_low_std,False,
ZACKS/MT,upward_revision_count,False,
ZACKS/MT,downward_revision_count,False,
ZACKS/MT,prior_estimate,False,
ZACKS/MT,new_estimate,False,
ZACKS/MT,broker_or_analyst,False,
ZACKS/MT,_SCHEMA_BACKTESTABLE,False,
ZACKS/MT,_FULL_ACCESS_NOT_SAMPLE,False,
ZACKS/MT,_BACKTESTABLE,False,
ZACKS/EEH,ticker,True,m_ticker
ZACKS/EEH,observation_or_effective_date,True,obs_date
ZACKS/EEH,fiscal_period,True,per_end_date
ZACKS/EEH,eps_consensus_estimate,True,eps_mean_est
ZACKS/EEH,revenue_or_sales_estimate,False,
ZACKS/EEH,analyst_count,True,eps_mean_est
ZACKS/EEH,estimate_high_low_std,True,eps_high_est
ZACKS/EEH,upward_revision_count,True,eps_cnt_est_rev_up
ZACKS/EEH,downward_revision_count,True,eps_cnt_est_rev_down
ZACKS/EEH,prior_estimate,False,
ZACKS/EEH,new_estimate,False,
ZACKS/EEH,broker_or_analyst,False,
ZACKS/EEH,_SCHEMA_BACKTESTABLE,True,
ZACKS/EEH,_FULL_ACCESS_NOT_SAMPLE,False,
ZACKS/EEH,_BACKTESTABLE,False,
ZACKS/EET,ticker,True,m_ticker
ZACKS/EET,observation_or_effective_date,False,
ZACKS/EET,fiscal_period,True,per_end_date
ZACKS/EET,eps_consensus_estimate,True,eps_mean_est
ZACKS/EET,revenue_or_sales_estimate,False,
ZACKS/EET,analyst_count,True,eps_mean_est
ZACKS/EET,estimate_high_low_std,False,
ZACKS/EET,upward_revision_count,True,eps_cnt_est_rev_up_last_7d
ZACKS/EET,downward_revision_count,True,eps_cnt_est_rev_down_last_7d
ZACKS/EET,prior_estimate,False,
ZACKS/EET,new_estimate,False,
ZACKS/EET,broker_or_analyst,False,
ZACKS/EET,_SCHEMA_BACKTESTABLE,False,
ZACKS/EET,_FULL_ACCESS_NOT_SAMPLE,False,
ZACKS/EET,_BACKTESTABLE,False,
ZACKS/EREV,ticker,True,m_ticker
ZACKS/EREV,observation_or_effective_date,True,eps_rev_date
ZACKS/EREV,fiscal_period,True,per_end_date
ZACKS/EREV,eps_consensus_estimate,True,eps_rev_est
ZACKS/EREV,revenue_or_sales_estimate,False,
ZACKS/EREV,analyst_count,False,
ZACKS/EREV,estimate_high_low_std,False,
ZACKS/EREV,upward_revision_count,False,
ZACKS/EREV,downward_revision_count,False,
ZACKS/EREV,prior_estimate,True,eps_rev_date_prev
ZACKS/EREV,new_estimate,True,eps_rev_est
ZACKS/EREV,broker_or_analyst,True,broker_name
ZACKS/EREV,_SCHEMA_BACKTESTABLE,True,
ZACKS/EREV,_FULL_ACCESS_NOT_SAMPLE,False,
ZACKS/EREV,_BACKTESTABLE,False,
ZACKS/SEH,ticker,True,m_ticker
ZACKS/SEH,observation_or_effective_date,True,obs_date
ZACKS/SEH,fiscal_period,True,per_end_date
ZACKS/SEH,eps_consensus_estimate,False,
ZACKS/SEH,revenue_or_sales_estimate,True,sales_mean_est
ZACKS/SEH,analyst_count,True,sales_mean_est
ZACKS/SEH,estimate_high_low_std,True,sales_high_est
ZACKS/SEH,upward_revision_count,False,
ZACKS/SEH,downward_revision_count,False,
ZACKS/SEH,prior_estimate,False,
ZACKS/SEH,new_estimate,False,
ZACKS/SEH,broker_or_analyst,False,
ZACKS/SEH,_SCHEMA_BACKTESTABLE,False,
ZACKS/SEH,_FULL_ACCESS_NOT_SAMPLE,False,
ZACKS/SEH,_BACKTESTABLE,False,
ZACKS/ZEEH,ticker,False,
ZACKS/ZEEH,observation_or_effective_date,False,
ZACKS/ZEEH,fiscal_period,False,
ZACKS/ZEEH,eps_consensus_estimate,False,
ZACKS/ZEEH,revenue_or_sales_estimate,False,
ZACKS/ZEEH,analyst_count,False,
ZACKS/ZEEH,estimate_high_low_std,False,
ZACKS/ZEEH,upward_revision_count,False,
ZACKS/ZEEH,downward_revision_count,False,
ZACKS/ZEEH,prior_estimate,False,
ZACKS/ZEEH,new_estimate,False,
ZACKS/ZEEH,broker_or_analyst,False,
ZACKS/ZEEH,_SCHEMA_BACKTESTABLE,False,
ZACKS/ZEEH,_FULL_ACCESS_NOT_SAMPLE,False,
ZACKS/ZEEH,_BACKTESTABLE,False,
ZACKS/SE,ticker,True,m_ticker
ZACKS/SE,observation_or_effective_date,True,last_rev_date
ZACKS/SE,fiscal_period,True,per_end_date
ZACKS/SE,eps_consensus_estimate,False,
ZACKS/SE,revenue_or_sales_estimate,True,sales_mean_est
ZACKS/SE,analyst_count,True,sales_mean_est
ZACKS/SE,estimate_high_low_std,True,sales_high_est
ZACKS/SE,upward_revision_count,True,sales_cnt_est_rev_up_1w
ZACKS/SE,downward_revision_count,True,sales_cnt_est_rev_down_1w
ZACKS/SE,prior_estimate,False,
ZACKS/SE,new_estimate,False,
ZACKS/SE,broker_or_analyst,False,
ZACKS/SE,_SCHEMA_BACKTESTABLE,True,
ZACKS/SE,_FULL_ACCESS_NOT_SAMPLE,False,
ZACKS/SE,_BACKTESTABLE,False,
ZACKS/EPRR,ticker,False,
ZACKS/EPRR,observation_or_effective_date,False,
ZACKS/EPRR,fiscal_period,False,
ZACKS/EPRR,eps_consensus_estimate,False,
ZACKS/EPRR,revenue_or_sales_estimate,False,
ZACKS/EPRR,analyst_count,False,
ZACKS/EPRR,estimate_high_low_std,False,
ZACKS/EPRR,upward_revision_count,False,
ZACKS/EPRR,downward_revision_count,False,
ZACKS/EPRR,prior_estimate,False,
ZACKS/EPRR,new_estimate,False,
ZACKS/EPRR,broker_or_analyst,False,
ZACKS/EPRR,_SCHEMA_BACKTESTABLE,False,
ZACKS/EPRR,_FULL_ACCESS_NOT_SAMPLE,False,
ZACKS/EPRR,_BACKTESTABLE,False,
