date,ticker,regime,return_5d,return_10d,return_20d,return_63d,return_126d,return_252d,mom_acceleration,trend_persistence,reversal_1d,reversal_5d,dist_sma20,dist_sma50,return_zscore_5d,return_zscore_20d,rs_5d_vs_spy,rs_20d_vs_spy,rs_63d_vs_spy,rs_126d_vs_spy,residual_alpha_20d,residual_alpha_63d,realized_vol_20d,realized_vol_63d,downside_vol_63d,vol_compression,vol_adj_momentum,beta_63d,log_dollar_volume_20d,volume_shock,price_volume_breakout,dist_from_63d_high,dist_from_126d_high,max_drawdown_126d,recovery_from_low_63d,breakout_after_consolidation,mom_x_riskon,rev_x_highvol,volshock_x_breakout,avg_dollar_volume_20d,forward_excess_return_5d_vs_spy,forward_excess_return_10d_vs_spy,forward_excess_return_20d_vs_spy,top_quintile_label,downside_risk_label
2026-04-30,AAPL,risk_on,-0.007607,0.030182,0.061495,0.051587,0.010659,0.29034,0.090508,0.0,0.004368,-0.007607,0.023391,0.040343,-0.276494,0.393671,-0.022019,-0.035294,0.013286,-0.04129,-0.029834,0.015447,0.241089,0.257748,0.174681,0.935367,0.200146,0.943587,23.165969,1.083421,-0.008242,-0.023429,-0.050966,-0.137985,0.100231,0.0,0.051587,0.0,0.0,11504101778.99704,0.041318,0.058936,0.098461,1,0
2026-04-30,ABBV,risk_on,0.051605,0.011149,-0.00887,-0.033375,-0.056045,0.127613,-0.009922,-0.007937,0.036441,0.051605,0.030358,-0.010334,1.452583,0.94788,0.037193,-0.105659,-0.071676,-0.107994,-0.044284,-0.047389,0.281309,0.267453,0.192603,1.051804,-0.124788,0.365888,21.069499,1.102118,0.056875,-0.097874,-0.097874,-0.157384,0.070625,0.0,-0.033375,-0.0,0.0,1413732014.931641,-0.058722,-0.043665,-0.02234,0,0
2026-04-30,ABT,risk_on,-0.018274,-0.049021,-0.107642,-0.138848,-0.274762,-0.290079,0.01898,-0.063492,-0.005913,-0.018274,-0.062516,-0.127042,0.078108,-0.899596,-0.032686,-0.204431,-0.17715,-0.326711,-0.154168,-0.157259,0.309056,0.246464,0.201565,1.253962,-0.563362,0.480689,20.922811,1.02699,-0.018767,-0.214787,-0.296865,-0.296865,0.0,0.0,-0.138848,0.0,0.0,1220847107.260857,-0.059612,-0.105938,-0.109791,0,0
2026-04-30,ACN,risk_on,0.002412,-0.078814,-0.085428,-0.310062,-0.28863,-0.393149,-0.341126,-0.047619,-0.008599,0.002412,-0.051485,-0.086114,1.615599,-1.168693,-0.012,-0.182217,-0.348364,-0.340579,-0.138919,-0.33123,0.421067,0.454223,0.367546,0.927005,-0.682621,0.552651,20.691513,0.627588,0.001514,-0.324467,-0.375388,-0.38147,0.009832,0.0,-0.310062,-0.0,0.0,968745581.186295,-0.009696,-0.123431,-0.005846,0,0
2026-04-30,ADBE,risk_on,0.029793,-0.008301,0.019597,-0.15618,-0.316218,-0.336622,0.033478,-0.015873,0.010387,0.029793,0.016214,-0.018301,1.376562,0.845672,0.015382,-0.077192,-0.194482,-0.368167,-0.038343,-0.179108,0.467424,0.417327,0.333113,1.120042,-0.37424,0.598621,20.979132,0.7664,0.022834,-0.161156,-0.311666,-0.369703,0.092079,0.0,-0.15618,-0.0,0.0,1291579949.377594,0.024322,-0.077999,0.000645,0,0
2026-04-30,ADI,risk_on,-0.004011,0.13697,0.254788,0.266142,0.691852,1.119672,-0.070083,0.063492,0.033264,-0.004011,0.101897,0.176462,-1.124945,1.032412,-0.018423,0.157999,0.227841,0.639903,0.12031,0.212927,0.389077,0.353606,0.201079,1.100313,0.752652,1.389396,20.88689,1.052934,-0.004223,-0.004011,-0.004011,-0.157292,0.327153,0.0,0.266142,0.0,0.0,1177771863.874207,-0.002416,0.019918,-0.023814,0,0
2026-04-30,ADP,risk_on,0.067546,0.057638,0.052961,-0.131231,-0.230868,-0.26541,-0.016544,0.0,-0.014508,0.067546,0.056741,0.027104,1.106667,2.333797,0.053135,-0.043828,-0.169532,-0.282817,0.034248,-0.138636,0.38085,0.326805,0.233522,1.165376,-0.401558,0.193334,20.218008,0.940821,0.063549,-0.136811,-0.196952,-0.284668,0.122623,0.0,-0.131231,-0.0,0.0,603350041.608505,-0.007834,-0.057907,-0.005914,0,0
2026-04-30,AMAT,risk_on,-0.023322,0.011772,0.115009,0.157151,0.738518,1.661445,-0.345261,0.103175,0.031104,-0.023322,0.01355,0.068897,-0.414971,-0.115961,-0.037734,0.01822,0.11885,0.686569,-0.11303,0.066912,0.463743,0.54456,0.376694,0.851593,0.288584,2.356043,21.497282,1.070583,-0.024968,-0.054072,-0.054072,-0.181871,0.327224,0.0,0.157151,0.0,0.0,2168457584.94751,0.022961,0.075721,0.089658,1,0
2026-04-30,AMD,risk_on,0.161006,0.273952,0.686361,0.405702,0.373939,2.690298,0.428298,0.047619,0.051556,0.161006,0.276324,0.526438,-0.242329,1.511917,0.146594,0.589572,0.367401,0.32199,0.432524,0.305254,0.632442,0.718827,0.465023,0.879825,0.564395,2.622586,23.164653,1.969473,0.317097,0.0,0.0,-0.277608,0.856455,0.0,0.405702,-0.0,0.0,11488967539.459839,0.134269,0.227521,0.403269,1,0
2026-04-30,AMGN,risk_on,-0.006798,-0.008987,-0.019899,0.016648,0.20215,0.237569,-0.165816,0.031746,0.024348,-0.006798,-0.001982,-0.034494,1.433463,0.49324,-0.02121,-0.116688,-0.021653,0.150201,-0.086159,-0.009573,0.217945,0.28528,0.165702,0.76397,0.058356,0.684584,20.551915,0.931923,-0.006335,-0.107971,-0.107971,-0.129174,0.029709,0.0,0.016648,0.0,0.0,842525756.908722,-0.067538,-0.070001,-0.072602,0,0
2026-04-30,AMZN,risk_on,0.039125,0.061514,0.258774,0.096513,0.156205,0.414483,0.042074,0.055556,0.007679,0.039125,0.084352,0.185777,-0.368427,0.90215,0.024713,0.161985,0.058211,0.104256,0.130731,0.045844,0.281959,0.330329,0.218445,0.853569,0.292171,1.322903,23.221009,1.402709,0.054881,0.0,0.0,-0.217362,0.333367,0.0,0.096513,-0.0,0.0,12155036377.432785,0.005073,-0.032913,-0.031574,0,0
2026-04-30,AON,risk_on,-0.036809,-0.070645,-0.030155,-0.091267,-0.055492,-0.105569,-0.130635,0.015873,-0.033613,-0.036809,-0.04131,-0.042251,-0.672991,-1.215769,-0.051221,-0.126944,-0.129568,-0.10744,-0.027761,-0.09032,0.308601,0.331883,0.271055,0.929847,-0.274997,-0.024728,19.862777,0.916725,-0.033744,-0.110105,-0.12637,-0.13108,0.00542,0.0,-0.091267,0.0,0.0,422955076.78772,-0.009099,-0.026328,-0.0358,0,0
2026-04-30,APD,risk_on,-0.011856,0.009454,0.036693,0.179327,0.195359,0.137193,0.165733,0.031746,-0.008099,-0.011856,0.007887,0.043906,-1.685584,-0.931649,-0.026267,-0.060096,0.141026,0.14341,0.050307,0.184714,0.154908,0.245486,0.12514,0.631027,0.730498,-0.140661,19.583127,0.878452,-0.010415,-0.011856,-0.011856,-0.122686,0.114179,0.0,0.179327,0.0,0.0,319774560.322113,-0.034842,-0.041662,-0.124047,0,0
2026-04-30,APH,risk_on,-0.019377,-0.011345,0.15325,-0.013497,0.076886,0.934175,-0.105117,0.031746,-0.007481,-0.019377,0.023284,0.063496,0.104588,0.48353,-0.033788,0.056461,-0.051799,0.024937,-0.029252,-0.085717,0.333151,0.499352,0.376708,0.667166,-0.02703,1.885569,20.798222,1.030903,-0.019975,-0.036254,-0.112415,-0.281892,0.236005,0.0,-0.013497,0.0,0.0,1077836797.544327,-0.090294,-0.16383,-0.042508,0,0
2026-04-30,AVGO,risk_on,-0.005977,0.047582,0.331558,0.264795,0.123699,1.201246,0.376351,0.031746,0.029547,-0.005977,0.082777,0.201484,-0.352078,0.851361,-0.020389,0.234769,0.226494,0.07175,0.146941,0.191738,0.417822,0.427484,0.235361,0.977398,0.619427,1.907419,22.857457,0.981142,-0.005864,-0.012608,-0.012608,-0.28666,0.422685,0.0,0.264795,0.0,0.0,8450206483.936005,-0.029645,0.012503,0.017661,0,0
2026-04-30,AXP,risk_on,0.014127,-0.008319,0.075041,-0.096035,-0.100376,0.222516,-0.091234,0.031746,0.023444,0.014127,0.010088,0.035364,1.713075,0.155881,-0.000285,-0.021747,-0.134337,-0.152325,-0.030828,-0.13793,0.279425,0.320765,0.269374,0.871121,-0.299395,1.093815,20.715059,1.034783,0.014618,-0.107733,-0.156145,-0.238953,0.108808,0.0,-0.096035,-0.0,0.0,991826655.391083,-0.031474,-0.072884,-0.072994,0,0
2026-04-30,BA,risk_on,-0.021866,0.046372,0.104717,-0.021407,0.025523,0.258407,-0.069362,0.007937,0.021953,-0.021866,0.028098,0.052567,-0.940029,0.221393,-0.036278,0.007928,-0.059708,-0.026426,-0.013239,-0.068084,0.332823,0.341201,0.226193,0.975444,-0.062739,1.218695,21.031418,0.78988,-0.017272,-0.064076,-0.091691,-0.249613,0.210454,0.0,-0.021407,0.0,0.0,1360908219.437027,-0.009245,-0.040277,-0.043369,0,0
2026-04-30,BAC,risk_on,0.018868,-0.000934,0.085042,0.012853,0.02216,0.366903,0.003663,0.071429,0.010968,0.018868,0.016359,0.061752,1.504977,-0.34721,0.004456,-0.011747,-0.025449,-0.029789,-0.013518,-0.02615,0.185419,0.250113,0.186668,0.741343,0.051387,1.018298,21.266591,0.681875,0.012866,-0.048961,-0.060922,-0.179317,0.144264,0.0,0.012853,-0.0,0.0,1721722646.447906,-0.031259,-0.10859,-0.087418,0,0
2026-04-30,BKNG,risk_on,-0.047468,-0.087776,0.005841,-0.174978,-0.17457,-0.136064,-0.175473,-0.031746,-0.032303,-0.047468,-0.059859,-0.029759,0.575986,-0.695535,-0.06188,-0.090948,-0.213279,-0.226519,-0.113875,-0.222352,0.444909,0.474579,0.357851,0.937481,-0.368702,1.23687,20.973364,0.826854,-0.039249,-0.176416,-0.23188,-0.295202,0.089844,0.0,-0.174978,0.0,0.0,1284151967.509689,-0.000634,-0.123505,-0.05815,0,0
2026-04-30,BLK,risk_on,0.011514,0.039661,0.113014,-0.049875,-0.042848,0.181464,-0.05727,0.0,0.025227,0.011514,0.036849,0.0562,0.87015,0.896444,-0.002897,0.016225,-0.088176,-0.094797,-0.029368,-0.106218,0.276285,0.30605,0.23227,0.902746,-0.162963,1.471063,20.398648,0.559634,0.006444,-0.042984,-0.078783,-0.202148,0.154621,0.0,-0.049875,-0.0,0.0,722803179.822693,-0.01597,-0.004998,-0.070193,0,0
2026-04-30,BMY,risk_on,0.026601,0.027646,-0.008347,0.127759,0.446477,0.292514,-0.154854,0.015873,0.052092,0.026601,0.030162,0.023484,1.781106,-0.374158,0.012189,-0.105136,0.089457,0.394528,-0.058401,0.107951,0.300819,0.262452,0.149879,1.146183,0.486788,0.517145,20.161705,0.928029,0.024687,-0.018523,-0.018523,-0.086099,0.111984,0.0,0.127759,-0.0,0.0,570318253.331699,-0.089607,-0.104109,-0.108906,0,0
2026-04-30,BSX,risk_on,-0.123002,-0.091611,-0.070806,-0.376042,-0.429434,-0.439264,-0.290472,-0.031746,0.008049,-0.123002,-0.069651,-0.144308,-1.123816,1.103297,-0.137414,-0.167595,-0.414344,-0.481383,-0.115861,-0.393872,0.498722,0.516939,0.468888,0.964761,-0.727441,0.465496,20.817712,0.901441,-0.110879,-0.384048,-0.451229,-0.455611,0.008049,0.0,-0.376042,0.0,0.0,1099049941.083488,-0.03603,-0.111536,-0.214056,0,1
2026-04-30,C,risk_on,-0.004124,-0.010515,0.109974,0.116728,0.276399,0.906314,-0.026253,0.079365,0.002899,-0.004124,0.009378,0.093457,1.517107,-1.031396,-0.018536,0.013185,0.078427,0.22445,-0.055048,0.051426,0.269637,0.364165,0.244253,0.740425,0.320536,1.70497,21.062775,0.744268,-0.003069,-0.038106,-0.038106,-0.147612,0.213081,0.0,0.116728,0.0,0.0,1404258240.592346,-0.004533,-0.06114,-0.064225,0,0
2026-04-30,CAT,risk_on,0.065694,0.154201,0.221115,0.340576,0.70437,1.926946,0.069204,0.071429,0.098833,0.065694,0.123861,0.192187,1.2557,1.554892,0.051282,0.124326,0.302274,0.652422,0.046558,0.2715,0.459253,0.42714,0.207348,1.075182,0.797341,1.803482,21.320878,1.138164,0.07477,0.0,0.0,-0.1388,0.356646,0.0,0.340576,-0.0,0.0,1817773094.818115,-0.011709,-0.007235,-0.068624,0,0
2026-04-30,CB,risk_on,-0.017664,-0.004324,-0.000489,0.071187,0.190091,0.15483,-0.039815,0.087302,0.003837,-0.017664,-0.00453,-0.005308,-0.880392,-0.616387,-0.032076,-0.097278,0.032886,0.138142,0.005618,0.073604,0.179878,0.195443,0.115063,0.920361,0.364234,-0.063101,20.093018,1.108285,-0.019577,-0.043163,-0.043163,-0.066309,0.059456,0.0,0.071187,0.0,0.0,532459994.414673,-0.03547,-0.062194,-0.099323,0,0
2026-04-30,CDNS,risk_on,0.048548,0.073723,0.176309,0.088942,-0.03431,0.090563,0.202127,-0.015873,-0.001091,0.048548,0.076919,0.110393,0.425287,1.035706,0.034136,0.07952,0.05064,-0.086259,0.007335,0.022075,0.540093,0.485526,0.319816,1.112389,0.183186,1.745802,20.484294,1.414547,0.068673,-0.020651,-0.034678,-0.22192,0.240646,0.0,0.088942,-0.0,0.0,787437202.882385,0.064883,0.02948,0.084939,1,0
2026-04-30,CI,risk_on,0.038825,0.051417,0.087012,0.077085,-0.047301,-0.120048,0.192568,0.0,-0.005952,0.038825,0.04607,0.058987,0.439292,1.258336,0.024413,-0.009777,0.038783,-0.099249,0.049756,0.062342,0.246687,0.27203,0.17927,0.906838,0.283368,0.38492,19.819351,1.11366,0.043237,-0.008649,-0.017712,-0.182903,0.12593,0.0,0.077085,-0.0,0.0,404981047.664185,-0.040485,-0.026093,-0.097983,0,0
2026-04-30,CL,risk_on,0.019589,0.027153,0.005626,0.007631,0.120255,-0.052123,-0.104139,0.039683,0.010297,0.019589,0.016313,-0.026723,0.048123,1.1311,0.005177,-0.091163,-0.03067,0.068306,-0.021012,-0.00291,0.239149,0.254026,0.166926,0.941438,0.030042,0.275217,19.907975,0.806231,0.015793,-0.133644,-0.133644,-0.169675,0.043393,0.0,0.007631,-0.0,0.0,442510720.250626,0.005452,-0.000294,0.003255,0,0
2026-04-30,CME,risk_on,0.008232,-0.028357,-0.030713,0.016805,0.111625,0.097214,-0.076448,0.063492,0.001915,0.008232,-0.019242,-0.044231,0.980353,0.34103,-0.00618,-0.127502,-0.021496,0.059676,-0.006324,0.026456,0.217406,0.217678,0.154974,0.998752,0.077201,-0.251982,20.365367,0.850978,0.007005,-0.097284,-0.097284,-0.115726,0.020856,0.0,0.016805,-0.0,0.0,699143640.941162,-0.021348,-0.006736,-0.10224,0,0
2026-04-30,CMG,risk_on,0.002655,-0.031072,0.041679,-0.13069,-0.155738,-0.328924,-0.101878,-0.007937,0.030312,0.002655,-0.009182,-0.014251,1.585896,0.182415,-0.011757,-0.055109,-0.168992,-0.207687,-0.087112,-0.181656,0.275636,0.350257,0.273255,0.786954,-0.373127,1.330644,20.097132,1.263692,0.003355,-0.14876,-0.168339,-0.250251,0.101426,0.0,-0.13069,-0.0,0.0,534654969.086285,-0.039161,-0.096961,-0.115291,0,0
2026-04-30,COP,risk_on,0.011337,0.03463,-0.020252,0.233063,0.474075,0.415849,0.037604,0.071429,-0.019259,0.011337,0.018635,0.032749,-1.656957,-0.20266,-0.003075,-0.117041,0.194761,0.422126,0.059981,0.264813,0.385156,0.319384,0.211517,1.205934,0.729725,-0.828953,20.791787,1.111222,0.012598,-0.05994,-0.05994,-0.132735,0.245298,0.0,0.233063,-0.0,0.0,1070922811.251678,-0.104637,-0.088175,-0.139706,0,0
2026-04-30,COST,risk_on,0.000148,0.027674,0.018032,0.066142,0.100841,0.028628,0.033596,-0.007937,0.015881,0.000148,0.010836,0.018197,0.140236,0.141224,-0.014264,-0.078757,0.027841,0.048892,0.019248,0.066623,0.199004,0.191611,0.12781,1.038583,0.345188,-0.012562,21.30094,0.911309,0.000135,-0.016957,-0.016957,-0.096456,0.079,0.0,0.066142,-0.0,0.0,1781888616.314392,-0.018965,-0.013236,-0.108634,0,0
2026-04-30,CRM,risk_on,0.018638,-0.02588,-0.049766,-0.173339,-0.302851,-0.335796,-0.016671,-0.007937,-0.02588,0.018638,-0.015038,-0.05266,1.681634,0.298552,0.004226,-0.146555,-0.211641,-0.3548,-0.088743,-0.188763,0.482788,0.439651,0.353315,1.098117,-0.394266,0.402694,21.623076,0.713271,0.013294,-0.166369,-0.335268,-0.378836,0.070138,0.0,-0.173339,-0.0,0.0,2459137446.194839,0.037593,-0.091762,0.02991,1,0
2026-04-30,CSCO,risk_on,0.032848,0.08284,0.180493,0.172967,0.27359,0.632474,0.087182,0.071429,0.021547,0.032848,0.07124,0.126865,0.949323,1.931485,0.018436,0.083704,0.134666,0.221641,0.078156,0.13247,0.250946,0.368364,0.290201,0.681244,0.469555,1.05732,21.114625,0.813794,0.026731,0.0,0.0,-0.135746,0.226611,0.0,0.172967,-0.0,0.0,1478989213.518524,-0.010765,0.22156,0.26344,1,0
2026-04-30,CVS,risk_on,0.056176,0.094167,0.159071,0.128708,0.030564,0.327638,0.215661,0.047619,-0.007271,0.056176,0.073969,0.098374,0.070053,1.468035,0.041764,0.062282,0.090407,-0.021385,0.148351,0.124466,0.370498,0.304235,0.178197,1.217802,0.423055,0.110756,20.205265,0.998116,0.05607,-0.007271,-0.007271,-0.164421,0.19893,0.0,0.128708,-0.0,0.0,595710157.791138,0.030887,0.125344,0.039702,1,0
2026-04-30,CVX,risk_on,0.030437,0.027425,-0.020769,0.14026,0.280615,0.450175,0.017169,0.071429,0.005671,0.030437,0.019017,0.0025,1.025243,0.450755,0.016025,-0.117558,0.101958,0.228666,0.04474,0.166183,0.268827,0.250865,0.171788,1.071603,0.559105,-0.67682,21.424681,0.807914,0.024591,-0.08449,-0.08449,-0.132134,0.121652,0.0,0.14026,-0.0,0.0,2016603589.797668,-0.073899,-0.075567,-0.100108,0,0
2026-04-30,DE,risk_on,-0.003514,0.009723,0.03359,0.11607,0.26795,0.297327,-0.020015,0.02381,0.053302,-0.003514,0.007693,-0.002037,1.718564,0.566542,-0.017926,-0.063199,0.077769,0.216001,-0.025796,0.09257,0.394402,0.391434,0.207135,1.007583,0.296525,0.613563,20.290143,0.685943,-0.00241,-0.107013,-0.107013,-0.161497,0.120446,0.0,0.11607,0.0,0.0,648480801.881104,-0.033795,-0.066882,-0.133474,0,0
2026-04-30,DIS,risk_on,0.000965,-0.001444,0.074462,-0.070174,-0.06447,0.150569,-0.076309,-0.02381,0.024186,0.000965,0.019987,0.026813,1.737257,0.76893,-0.013447,-0.022327,-0.108475,-0.116419,-0.01093,-0.103965,0.218659,0.291326,0.222389,0.750563,-0.240877,0.882249,20.451143,0.60587,0.000585,-0.080231,-0.104677,-0.202451,0.122593,0.0,-0.070174,-0.0,0.0,761760956.723671,0.029347,-0.024966,-0.071132,0,0
2026-04-30,DUK,risk_on,0.011793,0.007152,-0.010313,0.080762,0.048858,0.102197,0.110283,0.039683,0.02403,0.011793,0.003602,-0.00107,0.602402,0.013114,-0.002618,-0.107102,0.042461,-0.003091,0.012326,0.089721,0.173453,0.164004,0.104063,1.057611,0.492441,-0.233907,19.741748,0.609912,0.007193,-0.029297,-0.029297,-0.089311,0.093425,0.0,0.080762,-0.0,0.0,374741682.832146,-0.054103,-0.08151,-0.097083,0,0
2026-04-30,ELV,risk_on,0.087008,0.191881,0.261039,0.091534,0.121663,-0.070574,0.063931,0.02381,-0.000558,0.087008,0.144148,0.209661,-0.577522,1.666774,0.072596,0.16425,0.053232,0.069714,0.217014,0.074112,0.301742,0.344138,0.241385,0.876806,0.26598,0.454852,20.203972,1.227791,0.106828,-0.000558,-0.008351,-0.264944,0.349079,0.0,0.091534,-0.0,0.0,594940394.098358,-0.027276,0.01284,-0.008074,0,0
2026-04-30,EMR,risk_on,-0.014041,0.000499,0.060966,-0.064625,0.052568,0.358615,-0.189915,0.047619,0.028412,-0.014041,-0.004427,0.008631,1.667076,-0.102659,-0.028453,-0.035823,-0.102927,0.000619,-0.105891,-0.130654,0.334871,0.389693,0.274197,0.859319,-0.165836,1.723923,19.739921,0.72012,-0.010111,-0.128087,-0.128087,-0.234499,0.13901,0.0,-0.064625,0.0,0.0,374057774.913406,-0.01335,-0.059291,-0.02442,0,0
2026-04-30,EOG,risk_on,0.050049,0.048482,0.008841,0.263931,0.350442,0.289116,0.195485,0.079365,0.010423,0.050049,0.038229,0.051235,1.197095,0.295827,0.035637,-0.087948,0.22563,0.298494,0.08355,0.293495,0.297896,0.300394,0.1895,0.991684,0.878617,-0.771877,20.108402,0.645845,0.032324,-0.054897,-0.054897,-0.136519,0.306719,0.0,0.263931,-0.0,0.0,540714353.324432,-0.086841,-0.073644,-0.103775,0,0
2026-04-30,EQIX,risk_on,-0.029105,0.01114,0.087201,0.317997,0.342096,0.300933,0.299713,0.007937,-0.00573,-0.029105,0.01709,0.0797,-1.069593,-0.401725,-0.043516,-0.009588,0.279696,0.290147,0.063599,0.308658,0.187,0.289942,0.110587,0.644957,1.096763,0.243846,20.156954,1.297163,-0.037753,-0.029105,-0.029105,-0.13655,0.357809,0.0,0.317997,0.0,0.0,567614884.80957,-0.032819,-0.043972,-0.061406,0,0
2026-04-30,ETN,risk_on,0.020047,0.102564,0.184511,0.225725,0.158372,0.50796,0.280675,0.039683,0.054142,0.020047,0.077769,0.146184,0.1408,1.281459,0.005635,0.087723,0.187424,0.106423,0.050546,0.172712,0.327956,0.365727,0.220942,0.896723,0.617196,1.384098,20.617709,1.049512,0.02104,0.0,0.0,-0.183257,0.260472,0.0,0.225725,-0.0,0.0,899823024.341583,-0.096175,-0.095986,-0.124917,0,0
2026-04-30,FDX,risk_on,0.027044,0.05889,0.122457,0.26573,0.631019,0.964611,-0.022869,0.079365,0.03788,0.027044,0.060343,0.0867,1.569397,1.107929,0.012633,0.025668,0.227429,0.57907,0.049368,0.236807,0.308959,0.289933,0.148518,1.065621,0.916524,0.75514,20.137353,0.730528,0.019757,0.0,0.0,-0.116697,0.256618,0.0,0.26573,-0.0,0.0,556597432.496127,-0.085866,-0.098909,-0.031699,0,0
2026-04-30,GD,risk_on,0.080292,0.028007,-0.013211,-0.011575,0.001824,0.288695,-0.025131,-0.007937,0.016444,0.080292,0.030806,-0.000761,1.246631,1.19331,0.065881,-0.11,-0.049877,-0.050125,-0.041913,-0.022933,0.347587,0.271812,0.1615,1.278777,-0.042586,0.296542,20.043062,1.423802,0.114321,-0.05523,-0.05847,-0.145349,0.101654,0.0,-0.011575,-0.0,0.0,506513915.328369,-0.007929,-0.051751,-0.045306,0,0
2026-04-30,GE,risk_on,0.026882,-0.028026,-0.009396,-0.028467,-0.061673,0.453689,0.005712,0.0,0.022428,0.026882,-0.019671,-0.05433,0.855496,0.080383,0.012471,-0.106185,-0.066768,-0.113622,-0.157108,-0.08692,0.474101,0.391579,0.284338,1.210741,-0.072698,1.526129,21.425235,1.281457,0.034449,-0.1602,-0.1602,-0.208515,0.061043,0.0,-0.028467,-0.0,0.0,2017722190.404816,0.025826,-0.035509,0.064058,1,0
2026-04-30,GILD,risk_on,-0.020952,-0.055648,-0.067427,-0.05709,0.123618,0.288926,-0.24874,0.015873,0.015523,-0.020952,-0.037761,-0.068436,1.082466,-1.860463,-0.035364,-0.164216,-0.095392,0.071669,-0.124255,-0.079578,0.198464,0.262309,0.176859,0.756605,-0.217645,0.587134,20.387566,0.881227,-0.018463,-0.155436,-0.155436,-0.175382,0.024188,0.0,-0.05709,0.0,0.0,714837619.42379,0.006632,-0.031738,-0.025188,0,0
2026-04-30,GOOG,risk_on,0.130836,0.14776,0.295151,0.128592,0.424798,1.364929,-0.133863,0.0,0.099709,0.130836,0.155949,0.22191,1.685209,1.831312,0.116425,0.198362,0.090291,0.372849,0.159657,0.074975,0.391875,0.338351,0.170934,1.158188,0.380056,1.399892,22.473609,1.30092,0.170208,0.0,0.0,-0.207502,0.39833,0.0,0.128592,-0.0,0.0,5756578179.129944,0.017001,-0.001187,-0.067052,0,0
2026-04-30,GOOGL,risk_on,0.135472,0.14517,0.293924,0.138421,0.44062,1.410928,-0.127034,0.015873,0.099617,0.135472,0.157208,0.226246,1.688037,1.797266,0.12106,0.197135,0.10012,0.388671,0.154921,0.083415,0.396229,0.346502,0.176429,1.143514,0.399481,1.436146,22.910798,1.322292,0.179133,0.0,0.0,-0.203665,0.406947,0.0,0.138421,-0.0,0.0,8913190946.364594,0.0163,0.001219,-0.064216,0,0
2026-04-30,GS,risk_on,-0.008085,0.026411,0.073889,-0.01222,0.178193,0.717751,-0.204989,0.095238,0.020064,-0.008085,0.01561,0.062101,0.03132,-0.911528,-0.022497,-0.0229,-0.050521,0.126245,-0.0842,-0.074779,0.275275,0.34043,0.257243,0.808608,-0.035896,1.63334,21.299314,0.691806,-0.005594,-0.021453,-0.048397,-0.194222,0.180974,0.0,-0.01222,0.0,0.0,1778993797.890625,-0.015705,0.007857,0.057564,1,0
2026-04-30,HCA,risk_on,-0.083497,-0.100462,-0.084887,-0.098302,-0.06585,0.284196,-0.134292,0.02381,-0.000759,-0.083497,-0.08371,-0.128419,0.097314,-0.842563,-0.097908,-0.181676,-0.136604,-0.117799,-0.106151,-0.106717,0.41563,0.323167,0.246458,1.286115,-0.304184,0.219698,20.057021,1.420109,-0.118575,-0.201849,-0.201849,-0.206497,0.005858,0.0,-0.098302,0.0,0.0,513633556.784668,-0.030477,-0.045091,-0.181317,0,1
2026-04-30,HD,risk_on,-0.033396,-0.024766,-0.002306,-0.109765,-0.136386,-0.060972,-0.079862,-0.015873,0.018556,-0.033396,-0.020392,-0.043406,1.275923,-0.002344,-0.047808,-0.099095,-0.148066,-0.188335,-0.093568,-0.145879,0.321925,0.264414,0.188408,1.217503,-0.415126,0.942891,20.884552,0.90668,-0.03028,-0.153565,-0.153565,-0.179386,0.031465,0.0,-0.109765,0.0,0.0,1175021042.771301,-0.036713,-0.115424,-0.088088,0,0
2026-04-30,HON,risk_on,-4.7e-05,-0.065612,-0.06078,-0.05213,0.072254,0.0983,-0.183353,-0.007937,0.019163,-4.7e-05,-0.0466,-0.0703,1.455185,-1.262721,-0.014458,-0.157569,-0.090431,0.020305,-0.134321,-0.081231,0.262987,0.222922,0.16419,1.179729,-0.233847,0.759809,20.557301,0.952586,-4.4e-05,-0.135905,-0.135905,-0.152153,0.019163,0.0,-0.05213,0.0,0.0,847075952.877121,-0.00986,-0.025246,0.063257,1,0
2026-04-30,IBM,risk_on,-0.000433,-0.079761,-0.050012,-0.248813,-0.252719,-0.011146,-0.243615,0.031746,0.017085,-0.000433,-0.041674,-0.052051,1.765715,-0.752724,-0.014844,-0.146801,-0.287115,-0.304668,-0.16293,-0.293497,0.409251,0.463137,0.411149,0.883651,-0.537235,1.166637,21.151713,1.022545,-0.000443,-0.261917,-0.262503,-0.286864,0.034162,0.0,-0.248813,0.0,0.0,1534871865.040359,-0.016549,-0.088698,0.246153,1,0
2026-04-30,ICE,risk_on,0.003874,-0.034565,6.3e-05,-0.094228,0.011469,-0.038375,-0.210921,0.047619,0.012165,0.003874,-0.019281,-0.011142,1.708401,-0.977253,-0.010538,-0.096726,-0.132529,-0.04048,-0.036853,-0.108836,0.2486,0.298421,0.249117,0.833049,-0.315755,0.38141,19.995375,0.893284,0.00346,-0.087348,-0.094228,-0.144318,0.058538,0.0,-0.094228,-0.0,0.0,482926705.397415,-0.030502,-0.056054,-0.117399,0,0
2026-04-30,INTC,risk_on,0.414795,0.37927,0.967104,0.941636,1.274982,3.645035,0.769953,0.02381,-0.00285,0.414795,0.375916,0.733317,0.84691,1.4206,0.400383,0.870315,0.903335,1.223033,0.701406,0.836494,0.984679,0.794142,0.355208,1.239929,1.185728,2.745123,23.008355,2.977574,1.235083,-0.00285,-0.00285,-0.241716,1.293761,0.0,0.941636,-0.0,0.0,9826558489.283447,0.142268,0.18597,0.161176,1,0
2026-04-30,INTU,risk_on,0.013566,0.003591,-0.084931,-0.225217,-0.424951,-0.371482,0.032577,-0.039683,-0.016655,0.013566,-0.007026,-0.059587,1.12754,0.816275,-0.000845,-0.18172,-0.263518,-0.476899,-0.125802,-0.24139,0.548431,0.539684,0.424366,1.016207,-0.417312,0.422278,20.971804,0.527254,0.007153,-0.218912,-0.422928,-0.478719,0.107027,0.0,-0.225217,-0.0,0.0,1282149362.430267,0.029075,-0.067343,-0.199267,0,1
2026-04-30,ISRG,risk_on,-0.044296,-0.001026,-0.014727,-0.098394,-0.160949,-0.111247,-0.029013,-0.055556,0.008329,-0.044296,-0.011416,-0.038262,-0.86653,0.326571,-0.058708,-0.111516,-0.136696,-0.212898,-0.131391,-0.144561,0.381171,0.291058,0.205993,1.309607,-0.338057,1.205347,20.748781,1.04569,-0.04632,-0.097203,-0.228118,-0.239909,0.015512,0.0,-0.098394,0.0,0.0,1025843516.138458,-0.026981,-0.105637,-0.124674,0,0
2026-04-30,ITW,risk_on,-0.055358,-0.028613,-0.009711,-0.012243,0.062834,0.094264,-0.088251,0.039683,-0.028833,-0.055358,-0.036033,-0.047015,-1.77818,-0.563793,-0.06977,-0.1065,-0.050545,0.010885,-0.063648,-0.033587,0.274711,0.251323,0.155585,1.093058,-0.048715,0.557264,19.654503,1.105522,-0.0612,-0.133372,-0.133372,-0.144893,0.013473,0.0,-0.012243,0.0,0.0,343433195.702209,-0.02759,-0.069123,-0.094213,0,0
2026-04-30,JNJ,risk_on,-0.003468,-0.019997,-0.058455,0.016639,0.24399,0.515323,-0.206991,0.02381,0.010996,-0.003468,-0.017813,-0.037598,0.304794,-1.327812,-0.01788,-0.155244,-0.021662,0.192041,-0.064801,0.014128,0.173596,0.163421,0.113388,1.062258,0.101818,0.065565,21.304402,0.836633,-0.002902,-0.075274,-0.075274,-0.093418,0.020014,0.0,0.016639,0.0,0.0,1788068016.141281,-0.049912,-0.036929,-0.066653,0,0
2026-04-30,JPM,risk_on,0.004941,0.010582,0.065858,0.027456,0.035673,0.305379,0.019458,0.02381,0.01287,0.004941,0.014735,0.049278,1.462417,-0.296465,-0.009471,-0.030931,-0.010846,-0.016276,-0.030615,-0.01072,0.199194,0.239771,0.164921,0.830768,0.114509,0.996734,21.638542,0.773453,0.003822,-0.023471,-0.059104,-0.154717,0.113114,0.0,0.027456,-0.0,0.0,2497463903.720398,-0.040198,-0.083587,-0.097066,0,0
2026-04-30,KLAC,risk_on,-0.035848,0.008935,0.151667,0.040312,0.455644,1.563589,-0.358925,0.103175,-0.036262,-0.035848,-9.8e-05,0.104039,-1.294063,-0.645724,-0.05026,0.054878,0.002011,0.403695,-0.069015,-0.047016,0.484563,0.584075,0.433804,0.829625,0.069019,2.280035,21.195087,1.500745,-0.053799,-0.095426,-0.095426,-0.224068,0.340726,0.0,0.040312,0.0,0.0,1602910225.628662,-0.010608,0.040401,0.046676,1,0
2026-04-30,KO,risk_on,0.032512,0.047619,0.035226,0.079961,0.138235,0.120154,0.026002,0.0,-0.001395,0.032512,0.029226,0.022889,0.108602,1.705614,0.0181,-0.061563,0.04166,0.086286,0.031738,0.078581,0.219578,0.183582,0.109959,1.196072,0.435561,0.036039,20.775627,1.08119,0.035152,-0.027691,-0.027691,-0.078676,0.06004,0.0,0.079961,-0.0,0.0,1053756646.795349,-0.022168,-0.019605,-0.049452,0,0
2026-04-30,LIN,risk_on,-0.01362,0.003846,0.014803,0.105106,0.139942,0.127213,0.073583,0.055556,-0.007073,-0.01362,-0.001152,0.00992,-1.700479,-0.919724,-0.028032,-0.081986,0.066805,0.087993,0.021164,0.107623,0.178433,0.199303,0.131169,0.895285,0.527368,-0.065721,20.681379,0.843113,-0.011484,-0.018815,-0.018815,-0.095359,0.121773,0.0,0.105106,0.0,0.0,958978118.545685,-0.032525,-0.02009,-0.05951,0,0
2026-04-30,LLY,risk_on,0.018471,0.033861,-0.020869,-0.085906,0.143196,0.063624,-0.336539,-0.015873,0.097966,0.018471,0.021204,-0.015022,1.597775,0.276904,0.004059,-0.117658,-0.124208,0.091247,-0.101362,-0.117759,0.450817,0.454596,0.283023,0.991687,-0.188973,0.831632,21.743793,1.236934,0.022847,-0.154419,-0.156567,-0.231823,0.097966,0.0,-0.085906,-0.0,0.0,2774656099.53064,0.025206,0.036083,0.131734,1,0
2026-04-30,LMT,risk_on,-0.022311,-0.147361,-0.161372,-0.163548,0.080044,0.118183,-0.454769,0.0,0.016006,-0.022311,-0.107091,-0.161246,1.613511,-1.449097,-0.036722,-0.258161,-0.201849,0.028095,-0.168956,-0.166549,0.269614,0.279435,0.218218,0.964854,-0.585281,0.078349,20.541206,1.00859,-0.022502,-0.234565,-0.234565,-0.246623,0.016006,0.0,-0.163548,0.0,0.0,833551615.853271,-0.028712,-0.036352,-0.028532,0,0
2026-04-30,LOW,risk_on,-0.031435,-0.010246,0.016765,-0.100149,-0.012522,0.090549,-0.197529,0.015873,0.022655,-0.031435,-0.014862,-0.026487,0.517429,-0.090989,-0.045847,-0.080024,-0.138451,-0.064471,-0.070366,-0.134629,0.330339,0.298514,0.218662,1.10661,-0.335492,0.900216,20.211884,0.898987,-0.02826,-0.16512,-0.16512,-0.218379,0.06814,0.0,-0.100149,0.0,0.0,599666401.171341,-0.051103,-0.104633,-0.154933,0,1
2026-04-30,MA,risk_on,0.001075,-0.030123,0.024681,-0.073466,-0.108475,-0.06261,-0.035682,-0.015873,-0.042477,0.001075,-0.010739,-0.007419,0.294147,0.292583,-0.013337,-0.072108,-0.111767,-0.160423,-0.035639,-0.097336,0.254414,0.260336,0.208007,0.97725,-0.282197,0.623213,21.244812,1.129907,0.001215,-0.092885,-0.130611,-0.164339,0.040361,0.0,-0.073466,-0.0,0.0,1684630409.347687,-0.021915,-0.066872,-0.070402,0,0
2026-04-30,MAR,risk_on,-0.017787,-0.002014,0.084658,0.13328,0.368361,0.523384,-0.074155,0.007937,0.021867,-0.017787,0.007753,0.05846,1.399624,-0.459852,-0.032199,-0.012131,0.094978,0.316412,-0.01947,0.092074,0.316501,0.320471,0.172731,0.987612,0.415887,1.075827,20.030491,0.906574,-0.016125,-0.044967,-0.044967,-0.126476,0.152576,0.0,0.13328,0.0,0.0,500186437.896729,-0.044631,-0.063789,-0.012118,0,0
2026-04-30,MCD,risk_on,-0.029551,-0.043556,-0.044583,-0.064277,-0.030673,-0.044891,-0.100188,-0.02381,0.0121,-0.029551,-0.029985,-0.065962,0.779667,0.051479,-0.043962,-0.141372,-0.102578,-0.082622,-0.064192,-0.072036,0.190421,0.178146,0.138252,1.068902,-0.360809,0.202596,20.648563,1.140249,-0.033695,-0.134375,-0.134375,-0.144724,0.0121,0.0,-0.064277,0.0,0.0,928018906.347961,-0.051664,-0.104484,-0.10164,0,0
2026-04-30,MCO,risk_on,0.021001,0.02995,0.052578,-0.10205,-0.055003,0.041393,-0.154445,0.015873,0.003782,0.021001,0.026368,0.030646,1.541901,0.647131,0.00659,-0.044211,-0.140352,-0.106952,-0.026382,-0.133296,0.248755,0.365962,0.290068,0.679728,-0.278855,0.815794,19.961639,0.759324,0.015947,-0.104829,-0.142254,-0.236059,0.122791,0.0,-0.10205,-0.0,0.0,466906181.561432,-0.028263,-0.104222,-0.068905,0,0
2026-04-30,MDLZ,risk_on,0.064634,0.076573,0.076573,0.081346,0.038739,-0.032962,0.120748,-0.007937,0.006553,0.064634,0.059283,0.064797,0.634707,1.564631,0.050222,-0.020216,0.043045,-0.01321,0.06775,0.077855,0.267127,0.264254,0.178188,1.010874,0.307833,0.091157,19.964811,1.066063,0.068903,-0.009875,-0.009875,-0.13165,0.140238,0.0,0.081346,-0.0,0.0,468389661.85524,-0.020094,-0.048712,-0.05702,0,0
2026-04-30,MDT,risk_on,-0.033656,-0.054641,-0.059145,-0.191771,-0.117974,-0.012489,-0.283079,-0.079365,0.020159,-0.033656,-0.047776,-0.082664,-0.350577,-1.125947,-0.048067,-0.155934,-0.230073,-0.169923,-0.104961,-0.209902,0.24419,0.21076,0.179346,1.158618,-0.909904,0.473363,20.420091,1.016943,-0.034226,-0.208848,-0.219446,-0.23487,0.020159,0.0,-0.191771,0.0,0.0,738470165.355301,-0.055152,-0.090464,-0.141054,0,0
2026-04-30,META,risk_on,-0.071668,-0.095971,0.05642,-0.170492,-0.184322,0.107097,-0.153821,-0.007937,-0.0855,-0.071668,-0.051807,-0.030018,-1.668661,-0.121523,-0.08608,-0.040369,-0.208794,-0.23627,-0.114526,-0.238139,0.470061,0.408643,0.319314,1.150299,-0.417216,1.766167,23.035553,1.435424,-0.102874,-0.145242,-0.184571,-0.299428,0.163947,0.0,-0.170492,0.0,0.0,10097491506.300964,-0.00997,-0.030407,-0.018961,0,0
2026-04-30,MO,risk_on,0.081906,0.118725,0.109499,0.236067,0.188672,0.32314,0.274409,0.047619,0.065249,0.081906,0.093073,0.097024,1.554287,3.256244,0.067494,0.01271,0.197765,0.136724,0.142029,0.248939,0.303713,0.247029,0.116029,1.229462,0.955624,-0.336091,20.207549,1.412758,0.115714,0.0,0.0,-0.100832,0.191601,0.0,0.236067,-0.0,0.0,597072370.836563,-0.067668,-0.044366,-0.094883,0,0
2026-04-30,MRK,risk_on,-0.047461,-0.054391,-0.096491,0.015218,0.274604,0.335688,-0.24028,0.015873,-0.015953,-0.047461,-0.062945,-0.070252,-0.309785,-1.787372,-0.061873,-0.19328,-0.023084,0.222655,-0.130573,0.001731,0.277911,0.261298,0.180847,1.063578,0.058238,0.352128,20.813316,0.850848,-0.040382,-0.113655,-0.113655,-0.113655,0.0,0.0,0.015218,0.0,0.0,1094229713.01796,0.010599,-0.002319,0.034753,1,0
2026-04-30,MS,risk_on,0.015713,0.022925,0.153122,0.056308,0.173316,0.69311,-0.054463,0.071429,0.024237,0.015713,0.043689,0.115503,1.259571,0.182887,0.001301,0.056333,0.018006,0.121367,0.009505,-0.000524,0.278154,0.334103,0.247116,0.832538,0.168534,1.483818,20.772501,0.725598,0.011401,-3e-05,-3e-05,-0.188302,0.241266,0.0,0.056308,-0.0,0.0,1050466925.834579,-0.020182,-0.02039,0.038722,1,0
2026-04-30,MSFT,risk_on,-0.01917,-0.029696,0.103988,-0.057184,-0.244607,0.042792,0.141607,-0.047619,-0.039297,-0.01917,0.010547,0.030292,-1.050183,0.552395,-0.033582,0.007199,-0.095485,-0.296556,0.003697,-0.096871,0.340096,0.298379,0.218172,1.139813,-0.191649,1.036183,23.356527,1.129393,-0.021651,-0.058071,-0.243882,-0.338466,0.142977,0.0,-0.057184,0.0,0.0,13919087103.657227,0.013877,-0.037016,0.05389,1,0
2026-04-30,MU,risk_on,0.07357,0.131072,0.405899,0.187217,1.332415,5.742948,-0.777391,0.02381,-0.002508,0.07357,0.141715,0.222385,-0.711504,1.207062,0.059158,0.30911,0.148915,1.280466,0.166358,0.092425,0.575324,0.711197,0.461538,0.808952,0.263242,2.474883,23.612513,1.152701,0.084804,-0.014107,-0.014107,-0.302763,0.607085,0.0,0.187217,-0.0,0.0,17979766739.189453,0.23237,0.45946,0.824936,1,0
2026-04-30,NEE,risk_on,0.016935,0.065883,0.054173,0.117571,0.187205,0.49875,0.055263,0.047619,0.039397,0.016935,0.047702,0.056918,-1.220373,1.525062,0.002523,-0.042616,0.07927,0.135256,0.049861,0.115865,0.330315,0.254399,0.143266,1.298412,0.462151,0.044551,20.525052,1.114092,0.018867,0.0,0.0,-0.091783,0.14152,0.0,0.117571,-0.0,0.0,820194632.681847,-0.064566,-0.063539,-0.16368,0,1
2026-04-30,NFLX,risk_on,0.008511,-0.131552,-0.020304,0.125661,-0.15093,-0.168384,0.371376,-0.015873,0.016175,0.008511,-0.044011,-0.008133,1.128953,-0.978058,-0.005901,-0.117092,0.08736,-0.202879,-0.065468,0.107789,0.434658,0.448643,0.277289,0.96883,0.280092,0.466632,22.143914,0.71148,0.006055,-0.131552,-0.191274,-0.344622,0.233984,0.0,0.125661,-0.0,0.0,4139803543.919945,-0.075237,-0.112316,-0.133707,0,0
2026-04-30,NKE,risk_on,-0.009379,-0.029322,-0.00605,-0.28667,-0.333538,-0.20971,-0.220967,-0.079365,-0.000676,-0.009379,-0.005247,-0.142848,1.786927,2.768361,-0.023791,-0.102839,-0.324972,-0.385487,-0.084111,-0.317561,0.267382,0.421336,0.376974,0.634604,-0.680384,0.806515,20.802129,0.664349,-0.006231,-0.319396,-0.341186,-0.367027,0.040826,0.0,-0.28667,0.0,0.0,1082056415.18713,-0.016851,-0.093813,-0.010471,0,0
2026-04-30,NOC,risk_on,-0.01392,-0.138666,-0.168608,-0.163966,-0.019087,0.221307,-0.33726,-0.015873,0.012351,-0.01392,-0.097672,-0.158605,1.0389,-1.622178,-0.028331,-0.265397,-0.202268,-0.071036,-0.164165,-0.162208,0.294562,0.304432,0.236104,0.967577,-0.538598,-0.045908,20.078718,0.756104,-0.010525,-0.245489,-0.245489,-0.254694,0.012351,0.0,-0.163966,0.0,0.0,524899654.386597,-0.064934,-0.094265,-0.079891,0,0
2026-04-30,NOW,risk_on,0.041637,-0.084301,-0.151192,-0.243468,-0.529219,-0.531691,0.134244,-0.007937,-0.006525,0.041637,-0.058233,-0.147268,1.659482,0.107464,0.027225,-0.247981,-0.281769,-0.581168,-0.205135,-0.264814,0.90642,0.650569,0.533911,1.393272,-0.374238,0.557328,21.697334,1.023029,0.042596,-0.28977,-0.527592,-0.555998,0.063976,0.0,-0.243468,-0.0,0.0,2648697273.415642,0.041811,-0.016264,0.355709,1,0
2026-04-30,NVDA,risk_on,-0.000351,0.006151,0.135533,0.03673,-0.007154,0.831013,0.079058,0.015873,-0.04626,-0.000351,0.017327,0.06756,-1.402447,0.305475,-0.014762,0.038744,-0.001572,-0.059103,-0.0329,-0.029923,0.346827,0.391374,0.259981,0.886179,0.093848,1.740218,24.096276,1.189192,-0.000417,-0.078667,-0.078667,-0.202144,0.20827,0.0,0.03673,0.0,0.0,29166186951.844788,0.041801,0.140177,0.005349,0,0
2026-04-30,ORCL,risk_on,-0.084468,-0.095043,0.115153,-0.041751,-0.421779,0.157818,0.354835,-0.055556,-0.014894,-0.084468,-0.008194,0.042434,-0.385596,0.219513,-0.09888,0.018364,-0.080052,-0.473728,-0.049891,-0.107062,0.64817,0.591632,0.360907,1.095564,-0.070569,1.705196,22.374941,0.938971,-0.079313,-0.139253,-0.410164,-0.502939,0.186648,0.0,-0.041751,0.0,0.0,5215707157.414322,0.187735,0.17097,0.346346,1,0
2026-04-30,ORLY,risk_on,0.066066,0.072161,0.079262,0.005564,0.032191,0.065586,-0.020916,0.039683,0.084088,0.066066,0.066243,0.07381,1.746433,1.597521,0.051654,-0.017527,-0.032737,-0.019758,0.0361,-0.011516,0.335421,0.285631,0.173891,1.174317,0.01948,0.445937,19.928063,1.07191,0.070817,0.0,-0.022615,-0.141593,0.138602,0.0,0.005564,-0.0,0.0,451489595.792465,-0.066469,-0.138849,-0.178582,0,1
2026-04-30,PANW,risk_on,0.035275,0.073965,0.116076,0.017707,-0.18999,-0.039271,0.221791,0.0,-0.012229,0.035275,0.049643,0.098688,-0.253371,0.720612,0.020863,0.019288,-0.020594,-0.241939,0.029399,-0.016593,0.478261,0.464026,0.351008,1.030678,0.03816,0.895534,20.948705,0.629919,0.02222,-0.019573,-0.185797,-0.356747,0.265759,0.0,0.017707,-0.0,0.0,1252872910.86235,0.077996,0.287345,0.518253,1,0
2026-04-30,PEP,risk_on,0.017919,0.000695,0.02483,0.075432,0.075606,0.2273,0.07527,-0.039683,0.020607,0.017919,0.016023,0.004463,1.067167,0.847361,0.003507,-0.071959,0.03713,0.023657,0.021827,0.074244,0.196014,0.228999,0.133243,0.855959,0.329398,0.031026,20.6217,0.692015,0.0124,-0.06208,-0.06208,-0.112086,0.056318,0.0,0.075432,-0.0,0.0,903421413.864975,-0.031859,-0.103022,-0.142852,0,0
2026-04-30,PFE,risk_on,0.001125,-0.019104,-0.064799,0.022989,0.127562,0.203786,-0.079235,0.02381,0.016756,0.001125,-0.01623,-0.01619,1.671935,-1.993349,-0.013287,-0.161587,-0.015313,0.075613,-0.102541,0.008053,0.194039,0.23351,0.152642,0.830967,0.098448,0.389941,20.617347,0.979267,0.001102,-0.064799,-0.064799,-0.08021,0.036088,0.0,0.022989,-0.0,0.0,899497882.583017,-0.026218,-0.060724,-0.055916,0,0
2026-04-30,PG,risk_on,0.017072,0.03555,0.028507,-0.011357,-0.014007,-0.067415,-0.008677,-0.015873,0.004301,0.017072,0.020108,-0.011144,-0.88007,1.066316,0.00266,-0.068282,-0.049658,-0.065956,2e-05,-0.02263,0.225276,0.212999,0.151002,1.057639,-0.053319,0.294317,20.951234,0.91382,0.015601,-0.113651,-0.113651,-0.154904,0.048815,0.0,-0.011357,-0.0,0.0,1256044852.24823,-0.02498,-0.07084,-0.076625,0,0
2026-04-30,PH,risk_on,-0.066189,-0.049718,-0.012327,-0.039314,0.190448,0.522763,-0.278477,0.02381,-0.04019,-0.066189,-0.05347,-0.043218,-1.74106,-1.338785,-0.080601,-0.109116,-0.077615,0.138499,-0.10776,-0.077079,0.344825,0.299993,0.211334,1.149443,-0.131048,0.985997,20.16811,1.123168,-0.074341,-0.111044,-0.111044,-0.157905,0.055648,0.0,-0.039314,0.0,0.0,573982867.608948,-0.042796,-0.070752,-0.12177,0,0
2026-04-30,PLD,risk_on,-0.002248,-0.001055,0.065177,0.097788,0.147612,0.425353,0.052402,0.039683,0.023051,-0.002248,0.01817,0.040723,0.993325,0.1376,-0.01666,-0.031612,0.059487,0.095664,-0.006457,0.069441,0.219958,0.215333,0.134439,1.021476,0.454126,0.740101,20.0599,1.031192,-0.002318,-0.021227,-0.021227,-0.095853,0.109445,0.0,0.097788,0.0,0.0,515114547.683411,-0.016077,-0.036556,-0.042416,0,0
2026-04-30,PM,risk_on,-0.024351,0.056516,0.049196,-0.063783,0.121838,0.003871,-0.262051,0.039683,0.014504,-0.024351,0.026964,-0.0145,-1.117625,2.23604,-0.038763,-0.047593,-0.102085,0.069889,0.023926,-0.073783,0.387358,0.322899,0.236119,1.199627,-0.197534,0.261079,20.4375,0.822259,-0.020023,-0.122531,-0.122531,-0.185363,0.077129,0.0,-0.063783,0.0,0.0,751438856.992264,0.018613,0.121232,0.021949,1,0
2026-04-30,PNC,risk_on,-0.009285,0.013314,0.073949,0.001127,0.238448,0.435251,-0.235926,0.039683,0.019615,-0.009285,0.010788,0.046262,1.631956,-0.383811,-0.023697,-0.02284,-0.037174,0.186499,-0.008411,-0.031464,0.204675,0.249791,0.189432,0.819386,0.004513,0.850917,20.023484,0.741786,-0.006888,-0.073272,-0.073272,-0.172097,0.119368,0.0,0.001127,0.0,0.0,496693707.620544,-0.034615,-0.083888,-0.061056,0,0
2026-04-30,PYPL,risk_on,0.007839,0.006625,0.12346,-0.053063,-0.309668,-0.239927,0.21792,-0.031746,-0.015705,0.007839,0.030934,0.077545,1.23884,0.664376,-0.006572,0.026671,-0.091365,-0.361617,0.0006,-0.101681,0.307411,0.543133,0.459827,0.565995,-0.097698,1.269353,20.226555,0.560614,0.004395,-0.045515,-0.276578,-0.437854,0.286894,0.0,-0.053063,-0.0,0.0,608528721.41367,-0.096159,-0.142778,-0.160125,0,1
2026-04-30,QCOM,risk_on,0.34065,0.335465,0.410905,0.187314,0.003461,0.251278,0.342163,0.007937,0.151154,0.34065,0.303425,0.322368,1.749628,2.927926,0.326238,0.314116,0.149013,-0.048488,0.270284,0.131668,0.661394,0.472352,0.232058,1.400214,0.396557,1.452859,21.619634,3.204532,1.091622,0.0,-0.009411,-0.315612,0.447409,0.0,0.187314,-0.0,0.0,2450686750.407944,0.109932,0.073093,0.345191,1,0
2026-04-30,REGN,risk_on,-0.076969,-0.052198,-0.090306,-0.055414,0.082994,0.249623,-0.201942,-0.039683,0.030159,-0.076969,-0.054761,-0.06621,-1.025041,-2.382508,-0.091381,-0.187095,-0.093715,0.031045,-0.16859,-0.086393,0.317591,0.297343,0.223832,1.068098,-0.186364,0.808817,20.131224,1.311755,-0.100965,-0.118604,-0.128479,-0.153994,0.030159,0.0,-0.055414,0.0,0.0,553196720.353699,-0.015093,-0.032845,-0.181839,0,1
2026-04-30,ROP,risk_on,-0.024604,-0.019537,-0.000437,-0.02544,-0.218601,-0.35711,0.172763,0.047619,-0.003259,-0.024604,-0.006089,0.00581,-0.520779,-0.648781,-0.039016,-0.097226,-0.063741,-0.270549,-0.043462,-0.042466,0.220082,0.297162,0.229447,0.740614,-0.085609,0.444524,19.845834,0.783269,-0.019272,-0.045344,-0.216953,-0.305412,0.127356,0.0,-0.02544,0.0,0.0,415849538.474274,-0.024658,-0.144949,-0.135149,0,0
2026-04-30,RTX,risk_on,-0.018014,-0.100996,-0.095779,-0.116196,-0.007371,0.424021,-0.239328,0.02381,0.018983,-0.018014,-0.075991,-0.105555,1.231229,-1.522795,-0.032426,-0.192567,-0.154497,-0.05932,-0.134198,-0.131399,0.282966,0.270724,0.202692,1.04522,-0.429203,0.396936,20.666943,1.02371,-0.018442,-0.170107,-0.170107,-0.185568,0.018983,0.0,-0.116196,0.0,0.0,945233586.867828,-0.013946,-0.043278,-0.027986,0,0
2026-04-30,SBUX,risk_on,0.058168,0.070862,0.164768,0.1292,0.249855,0.275619,0.02235,0.015873,-0.001611,0.058168,0.072487,0.089894,1.066723,1.682436,0.043756,0.067979,0.090898,0.197906,0.054928,0.085734,0.363417,0.341376,0.204323,1.064565,0.378467,1.134849,20.402077,1.515488,0.088152,-0.001611,-0.001611,-0.14511,0.214599,0.0,0.1292,-0.0,0.0,725286163.472176,-0.028137,-0.030904,-0.105686,0,0
2026-04-30,SCHW,risk_on,0.030589,-0.010581,-0.007796,-0.111342,-0.017469,0.141614,-0.216976,0.055556,0.005265,0.030589,-0.018765,-0.023717,1.548558,-0.084602,0.016178,-0.104584,-0.149643,-0.069418,-0.081109,-0.140353,0.383766,0.319768,0.267075,1.200139,-0.348196,0.757457,20.824028,0.830887,0.025416,-0.142342,-0.142342,-0.17173,0.03548,0.0,-0.111342,-0.0,0.0,1106013043.525925,-0.04133,-0.061567,-0.096019,0,0
2026-04-30,SHW,risk_on,-0.047533,-0.035189,-0.012558,-0.090978,-0.088519,-0.067925,-0.093682,-0.015873,0.011829,-0.047533,-0.028435,-0.031321,-0.907128,-0.940646,-0.061945,-0.109347,-0.129279,-0.140468,-0.101422,-0.126143,0.360455,0.283791,0.193487,1.27014,-0.320579,0.918127,20.118104,1.122197,-0.053341,-0.134941,-0.134941,-0.183572,0.059566,0.0,-0.090978,0.0,0.0,545986270.319366,-0.022331,-0.079712,-0.105429,0,0
2026-04-30,SLB,risk_on,0.039094,0.099555,0.136918,0.180917,0.608127,0.718519,-0.180845,0.02381,0.021185,0.039094,0.07341,0.121526,-0.573204,1.026935,0.024682,0.040129,0.142616,0.556178,0.058573,0.149914,0.234913,0.365479,0.242332,0.642753,0.495013,0.809441,20.479369,0.988624,0.038649,0.0,0.0,-0.140598,0.276481,0.0,0.180917,-0.0,0.0,783568765.176239,-0.086192,-0.060929,-0.093589,0,0
2026-04-30,SNPS,risk_on,0.056364,0.093959,0.216414,0.005417,0.056411,0.047377,-0.045302,0.02381,0.002868,0.056364,0.087709,0.119717,-0.064771,1.150379,0.041953,0.119625,-0.032885,0.004462,0.026264,-0.069829,0.516469,0.488643,0.330027,1.056945,0.011085,1.964581,20.435094,0.963446,0.054304,-0.03638,-0.095272,-0.286735,0.268431,0.0,0.005417,-0.0,0.0,749632594.755707,0.028831,0.015755,-0.067089,0,0
2026-04-30,SO,risk_on,0.029709,0.018967,-0.002476,0.093331,0.046335,0.092111,0.136316,0.02381,0.034114,0.029709,0.016744,0.009112,0.957353,0.761706,0.015298,-0.099265,0.05503,-0.005614,0.012495,0.099256,0.189401,0.200821,0.116881,0.943137,0.46475,-0.15468,19.814212,0.842417,0.025028,-0.024316,-0.024316,-0.108323,0.105109,0.0,0.093331,-0.0,0.0,402905248.528099,-0.062135,-0.072293,-0.092831,0,0
2026-04-30,SPGI,risk_on,-0.017766,-0.012729,0.014253,-0.182354,-0.122747,-0.116145,-0.255254,0.071429,-0.004524,-0.017766,-0.006919,0.002813,0.312058,-0.133389,-0.032178,-0.082536,-0.220655,-0.174696,-0.050582,-0.20801,0.244378,0.3995,0.352943,0.61171,-0.456454,0.669857,20.437816,0.759285,-0.01349,-0.181052,-0.208873,-0.284781,0.106133,0.0,-0.182354,0.0,0.0,751676143.42453,-0.023891,-0.104393,-0.067103,0,0
2026-04-30,SYK,risk_on,-0.044047,-0.06871,-0.043321,-0.108149,-0.15737,-0.142214,-0.05296,-0.055556,0.0,-0.044047,-0.054107,-0.089135,-0.668962,-0.593187,-0.058458,-0.14011,-0.146451,-0.209319,-0.09252,-0.127618,0.226783,0.241497,0.17773,0.93907,-0.447828,0.508309,20.270124,0.998626,-0.043986,-0.184477,-0.184477,-0.184477,0.0,0.0,-0.108149,0.0,0.0,635628029.94751,-0.0843,-0.07159,-0.084486,0,0
2026-04-30,T,risk_on,-0.018038,-0.010227,-0.067344,0.050676,0.039418,-0.001084,0.061391,0.007937,0.014757,-0.018038,-0.009874,-0.04319,-0.554776,-0.336985,-0.03245,-0.164133,0.012374,-0.012531,-0.018114,0.070157,0.279811,0.265292,0.176658,1.054728,0.191019,-0.508634,20.710413,0.719181,-0.012973,-0.092664,-0.092664,-0.115929,0.026316,0.0,0.050676,0.0,0.0,987229292.018261,-0.051273,-0.097702,-0.103525,0,0
2026-04-30,TDG,risk_on,-0.004958,-0.055568,-0.011327,-0.184262,-0.131179,-0.119433,-0.249334,-0.015873,0.015087,-0.004958,-0.036337,-0.054113,1.29906,-0.230048,-0.01937,-0.108116,-0.222563,-0.183128,-0.123915,-0.228815,0.409268,0.344535,0.283739,1.187886,-0.534813,1.163225,19.899904,0.876604,-0.004346,-0.191944,-0.200014,-0.218703,0.023921,0.0,-0.184262,0.0,0.0,438953598.413086,0.052713,-0.024821,0.032152,1,0
2026-04-30,TJX,risk_on,-0.010104,-0.004636,-0.032587,0.065933,0.094543,0.239256,0.039093,0.0,0.004357,-0.010104,-0.016384,-0.010498,1.022051,-2.206556,-0.024516,-0.129375,0.027632,0.042594,-0.069886,0.051173,0.210832,0.195411,0.12497,1.078915,0.337407,0.385368,20.271568,0.792417,-0.008007,-0.05,-0.05,-0.06812,0.049284,0.0,0.065933,0.0,0.0,636546545.204697,-0.03246,-0.097952,-0.062151,0,0
2026-04-30,TMO,risk_on,0.02627,-0.071783,-0.031504,-0.190365,-0.139584,0.124418,-0.253086,-0.02381,0.027238,0.02627,-0.039136,-0.034745,1.777107,-0.877188,0.011858,-0.128293,-0.228666,-0.191533,-0.138477,-0.232696,0.432219,0.331407,0.284312,1.304193,-0.574414,1.105222,20.722279,0.90812,0.023856,-0.175905,-0.250241,-0.27308,0.031419,0.0,-0.190365,-0.0,0.0,999013284.81781,-0.027373,-0.105264,-0.024335,0,0
2026-04-30,TSLA,risk_on,0.021166,-0.018694,0.00097,-0.083853,-0.17136,0.306818,0.011663,0.0,0.023686,0.021166,0.028439,-0.006514,1.627582,0.513347,0.006754,-0.095818,-0.122155,-0.223309,-0.157608,-0.146606,0.440485,0.383805,0.26574,1.147679,-0.218479,1.638394,23.951396,0.847034,0.017928,-0.113334,-0.220972,-0.299318,0.111814,0.0,-0.083853,-0.0,0.0,25232442294.2836,0.061051,0.120534,0.089292,1,0
2026-04-30,TXN,risk_on,-0.004075,0.259883,0.43189,0.292025,0.710143,0.803544,-0.03159,0.007937,0.044053,-0.004075,0.199976,0.317261,-1.67007,1.399019,-0.018486,0.335101,0.253723,0.658194,0.335932,0.254052,0.731337,0.497737,0.195977,1.469323,0.586705,0.991418,21.394986,1.668562,-0.006799,-0.004075,-0.004075,-0.177172,0.507778,0.0,0.292025,0.0,0.0,1957601985.873795,0.001978,0.060887,0.04042,1,0
2026-04-30,UBER,risk_on,-0.001205,-0.024451,0.040441,-0.086781,-0.21817,-0.060564,0.057094,-0.007937,0.00188,-0.001205,0.004395,0.009121,1.26252,0.705036,-0.015616,-0.056348,-0.125082,-0.270119,-0.052412,-0.123525,0.303194,0.337446,0.247209,0.898497,-0.25717,0.959332,20.751814,0.748024,-0.000901,-0.077066,-0.251805,-0.306258,0.078491,0.0,-0.086781,0.0,0.0,1028960064.244308,0.010436,-0.03999,-0.109052,0,0
2026-04-30,UNH,risk_on,0.044901,0.170923,0.352215,0.277362,0.021831,-0.069162,0.477408,-0.015873,-0.000701,0.044901,0.129338,0.238467,-0.966937,1.206241,0.030489,0.255427,0.239061,-0.030117,0.285157,0.250826,0.409322,0.355107,0.176351,1.152673,0.781066,0.692831,21.842574,1.15102,0.051682,-0.000701,-0.000701,-0.267294,0.430314,0.0,0.277362,-0.0,0.0,3062735658.231659,-0.019975,0.036162,-0.026093,0,0
2026-04-30,UNP,risk_on,-0.006562,0.073326,0.108424,0.159724,0.252231,0.285708,0.079957,0.103175,0.017751,-0.006562,0.055863,0.067825,-1.781584,1.043303,-0.020974,0.011635,0.121422,0.200282,0.076412,0.147056,0.334625,0.252165,0.12206,1.327007,0.633409,0.330735,20.510174,0.993367,-0.006518,-0.006562,-0.006562,-0.122823,0.152226,0.0,0.159724,0.0,0.0,808081518.450775,-0.035011,-0.041582,-0.072944,0,0
2026-04-30,UPS,risk_on,0.010026,0.035599,0.111225,0.040827,0.164747,0.201655,-0.078232,0.055556,0.020542,0.010026,0.047131,0.047978,0.468391,0.936809,-0.004386,0.014436,0.002526,0.112798,0.035105,0.010705,0.248251,0.282865,0.198811,0.877633,0.144335,0.786449,20.091251,1.138728,0.011417,-0.080689,-0.080689,-0.198983,0.147679,0.0,0.040827,-0.0,0.0,531519653.802948,-0.097941,-0.136467,-0.055489,0,0
2026-04-30,USB,risk_on,0.00053,0.021269,0.074123,0.016244,0.22273,0.458368,-0.186941,0.063492,0.008724,0.00053,0.014976,0.051247,1.335675,-0.436833,-0.013882,-0.022666,-0.022057,0.170781,-0.013265,-0.018337,0.200188,0.251436,0.183525,0.79618,0.064607,0.902876,20.033121,0.811671,0.00043,-0.056763,-0.056763,-0.162135,0.125763,0.0,0.016244,-0.0,0.0,501503609.92857,-0.041804,-0.098246,-0.084571,0,0
2026-04-30,V,risk_on,0.067858,0.046779,0.104955,-0.003857,-0.04533,-0.026972,0.037777,-0.031746,-0.014991,0.067858,0.058163,0.062424,0.995622,1.96797,0.053446,0.008166,-0.042159,-0.097279,0.041682,-0.028895,0.32931,0.278861,0.179899,1.180912,-0.013832,0.653719,21.481376,1.30288,0.088411,-0.014991,-0.075623,-0.171805,0.116134,0.0,-0.003857,-0.0,0.0,2134237993.566742,-0.04393,-0.061228,-0.061125,0,0
2026-04-30,VRTX,risk_on,-0.017743,-0.018983,-0.044448,-0.101539,0.011814,-0.151182,-0.227702,-0.047619,0.009782,-0.017743,-0.019807,-0.059519,0.811115,0.244432,-0.032155,-0.141237,-0.13984,-0.040135,-0.120255,-0.131537,0.202513,0.33296,0.210862,0.60822,-0.304958,0.783211,19.95226,0.695475,-0.01234,-0.143819,-0.143819,-0.152113,0.009782,0.0,-0.101539,0.0,0.0,462547439.40094,-0.023547,0.012824,-0.005455,0,0
2026-04-30,VZ,risk_on,0.017154,0.026721,-0.012909,0.224627,0.2614,0.193634,0.194599,0.007937,0.030466,0.017154,0.026327,-0.007995,0.494084,1.977015,0.002742,-0.109698,0.186326,0.209451,0.029633,0.241462,0.259111,0.321837,0.121105,0.805099,0.697952,-0.439538,20.937156,0.962966,0.016518,-0.05114,-0.05114,-0.110407,0.095067,0.0,0.224627,-0.0,0.0,1238486271.276417,-0.037549,-0.061258,-0.057206,0,0
2026-04-30,WFC,risk_on,0.021364,0.012062,0.020603,-0.088326,-0.04409,0.181646,-0.136848,0.047619,0.008833,0.021364,0.00195,0.015102,1.213701,-0.70581,0.006952,-0.076186,-0.126627,-0.096039,-0.072799,-0.125287,0.294,0.305339,0.244562,0.962864,-0.289272,0.965012,21.005694,0.955887,0.020421,-0.130853,-0.14271,-0.22747,0.109717,0.0,-0.088326,-0.0,0.0,1326346374.201851,-0.055312,-0.138571,-0.10427,0,0
2026-04-30,WM,risk_on,-0.001074,0.037799,0.00671,0.046362,0.147615,0.031791,-0.050406,0.063492,0.009726,-0.001074,0.015984,0.002434,-1.402392,1.108012,-0.015486,-0.090079,0.00806,0.095666,0.023081,0.05284,0.215401,0.200207,0.132378,1.075891,0.231568,-0.169142,19.937779,1.029306,-0.001105,-0.05288,-0.05288,-0.090064,0.050552,0.0,0.046362,0.0,0.0,455897755.093155,-0.06571,-0.100104,-0.143316,0,0
2026-04-30,WMT,risk_on,-0.000757,0.056962,0.05764,0.125975,0.284,0.385888,-0.014369,0.047619,0.030623,-0.000757,0.034948,0.051408,0.159632,0.807363,-0.015169,-0.039149,0.087674,0.232051,0.03349,0.116419,0.280331,0.279414,0.176736,1.003282,0.450856,0.249508,21.473871,0.808402,-0.000612,-0.012617,-0.012617,-0.109237,0.109625,0.0,0.125975,0.0,0.0,2118280475.498428,-0.031091,-0.035129,-0.173592,0,1
2026-04-30,XOM,risk_on,0.025244,0.015463,-0.040117,0.105677,0.362406,0.47317,-0.126515,0.071429,-0.002198,0.025244,0.010747,-0.002952,0.535151,-0.038744,0.010832,-0.136906,0.067376,0.310457,0.028532,0.132843,0.28935,0.297064,0.207152,0.97403,0.355738,-0.70927,21.793352,0.704212,0.017777,-0.099959,-0.099959,-0.145973,0.122534,0.0,0.105677,-0.0,0.0,2915629711.991959,-0.068195,-0.051106,-0.105007,0,0
2026-04-30,ZTS,risk_on,-0.009392,-0.029989,-0.015516,-0.051347,-0.199732,-0.248819,0.10507,-0.02381,0.010015,-0.009392,-0.026894,-0.039398,1.178137,-0.769402,-0.023803,-0.112305,-0.089648,-0.251681,-0.1087,-0.088221,0.25969,0.2746,0.20293,0.945704,-0.186987,0.962752,19.780076,0.8495,-0.007978,-0.119221,-0.196653,-0.211403,0.018704,0.0,-0.051347,0.0,0.0,389383793.880424,-0.258562,-0.384543,-0.376884,0,1
