ticker,family,raw_path,rows,gitignored
A,news_social_sentiment,research/data/eodhd/raw/news_social_sentiment/A.json,,True
AAPL,news_social_sentiment,research/data/eodhd/raw/news_social_sentiment/AAPL.json,,True
ABBV,news_social_sentiment,research/data/eodhd/raw/news_social_sentiment/ABBV.json,,True
ABNB,news_social_sentiment,research/data/eodhd/raw/news_social_sentiment/ABNB.json,,True
ABT,news_social_sentiment,research/data/eodhd/raw/news_social_sentiment/ABT.json,,True
ACGL,news_social_sentiment,research/data/eodhd/raw/news_social_sentiment/ACGL.json,,True
ACN,news_social_sentiment,research/data/eodhd/raw/news_social_sentiment/ACN.json,,True
ADBE,news_social_sentiment,research/data/eodhd/raw/news_social_sentiment/ADBE.json,,True
ADI,news_social_sentiment,research/data/eodhd/raw/news_social_sentiment/ADI.json,,True
ADM,news_social_sentiment,research/data/eodhd/raw/news_social_sentiment/ADM.json,,True
ADP,news_social_sentiment,research/data/eodhd/raw/news_social_sentiment/ADP.json,,True
ADSK,news_social_sentiment,research/data/eodhd/raw/news_social_sentiment/ADSK.json,,True
AEE,news_social_sentiment,research/data/eodhd/raw/news_social_sentiment/AEE.json,,True
AEM,news_social_sentiment,research/data/eodhd/raw/news_social_sentiment/AEM.json,,True
AEP,news_social_sentiment,research/data/eodhd/raw/news_social_sentiment/AEP.json,,True
AES,news_social_sentiment,research/data/eodhd/raw/news_social_sentiment/AES.json,,True
AFL,news_social_sentiment,research/data/eodhd/raw/news_social_sentiment/AFL.json,,True
AIG,news_social_sentiment,research/data/eodhd/raw/news_social_sentiment/AIG.json,,True
AIZ,news_social_sentiment,research/data/eodhd/raw/news_social_sentiment/AIZ.json,,True
AJG,news_social_sentiment,research/data/eodhd/raw/news_social_sentiment/AJG.json,,True
AKAM,news_social_sentiment,research/data/eodhd/raw/news_social_sentiment/AKAM.json,,True
ALAB,news_social_sentiment,research/data/eodhd/raw/news_social_sentiment/ALAB.json,,True
ALB,news_social_sentiment,research/data/eodhd/raw/news_social_sentiment/ALB.json,,True
ALGN,news_social_sentiment,research/data/eodhd/raw/news_social_sentiment/ALGN.json,,True
ALL,news_social_sentiment,research/data/eodhd/raw/news_social_sentiment/ALL.json,,True
ALLE,news_social_sentiment,research/data/eodhd/raw/news_social_sentiment/ALLE.json,,True
AMAT,news_social_sentiment,research/data/eodhd/raw/news_social_sentiment/AMAT.json,,True
AMCR,news_social_sentiment,research/data/eodhd/raw/news_social_sentiment/AMCR.json,,True
AMD,news_social_sentiment,research/data/eodhd/raw/news_social_sentiment/AMD.json,,True
AME,news_social_sentiment,research/data/eodhd/raw/news_social_sentiment/AME.json,,True
AMGN,news_social_sentiment,research/data/eodhd/raw/news_social_sentiment/AMGN.json,,True
AMP,news_social_sentiment,research/data/eodhd/raw/news_social_sentiment/AMP.json,,True
AMT,news_social_sentiment,research/data/eodhd/raw/news_social_sentiment/AMT.json,,True
AMX,news_social_sentiment,research/data/eodhd/raw/news_social_sentiment/AMX.json,,True
AMZN,news_social_sentiment,research/data/eodhd/raw/news_social_sentiment/AMZN.json,,True
ANET,news_social_sentiment,research/data/eodhd/raw/news_social_sentiment/ANET.json,,True
AON,news_social_sentiment,research/data/eodhd/raw/news_social_sentiment/AON.json,,True
AOS,news_social_sentiment,research/data/eodhd/raw/news_social_sentiment/AOS.json,,True
APA,news_social_sentiment,research/data/eodhd/raw/news_social_sentiment/APA.json,,True
APD,news_social_sentiment,research/data/eodhd/raw/news_social_sentiment/APD.json,,True
APH,news_social_sentiment,research/data/eodhd/raw/news_social_sentiment/APH.json,,True
APO,news_social_sentiment,research/data/eodhd/raw/news_social_sentiment/APO.json,,True
APP,news_social_sentiment,research/data/eodhd/raw/news_social_sentiment/APP.json,,True
APTV,news_social_sentiment,research/data/eodhd/raw/news_social_sentiment/APTV.json,,True
ARE,news_social_sentiment,research/data/eodhd/raw/news_social_sentiment/ARE.json,,True
ARES,news_social_sentiment,research/data/eodhd/raw/news_social_sentiment/ARES.json,,True
ARM,news_social_sentiment,research/data/eodhd/raw/news_social_sentiment/ARM.json,,True
ASML,news_social_sentiment,research/data/eodhd/raw/news_social_sentiment/ASML.json,,True
ASX,news_social_sentiment,research/data/eodhd/raw/news_social_sentiment/ASX.json,,True
ATEYY,news_social_sentiment,research/data/eodhd/raw/news_social_sentiment/ATEYY.json,,True
ATO,news_social_sentiment,research/data/eodhd/raw/news_social_sentiment/ATO.json,,True
AVB,news_social_sentiment,research/data/eodhd/raw/news_social_sentiment/AVB.json,,True
AVGO,news_social_sentiment,research/data/eodhd/raw/news_social_sentiment/AVGO.json,,True
AVY,news_social_sentiment,research/data/eodhd/raw/news_social_sentiment/AVY.json,,True
AWK,news_social_sentiment,research/data/eodhd/raw/news_social_sentiment/AWK.json,,True
AXON,news_social_sentiment,research/data/eodhd/raw/news_social_sentiment/AXON.json,,True
AXP,news_social_sentiment,research/data/eodhd/raw/news_social_sentiment/AXP.json,,True
AZN,news_social_sentiment,research/data/eodhd/raw/news_social_sentiment/AZN.json,,True
AZO,news_social_sentiment,research/data/eodhd/raw/news_social_sentiment/AZO.json,,True
B,news_social_sentiment,research/data/eodhd/raw/news_social_sentiment/B.json,,True
BA,news_social_sentiment,research/data/eodhd/raw/news_social_sentiment/BA.json,,True
BABA,news_social_sentiment,research/data/eodhd/raw/news_social_sentiment/BABA.json,,True
BAC,news_social_sentiment,research/data/eodhd/raw/news_social_sentiment/BAC.json,,True
BAESY,news_social_sentiment,research/data/eodhd/raw/news_social_sentiment/BAESY.json,,True
BALL,news_social_sentiment,research/data/eodhd/raw/news_social_sentiment/BALL.json,,True
BAM,news_social_sentiment,research/data/eodhd/raw/news_social_sentiment/BAM.json,,True
BAX,news_social_sentiment,research/data/eodhd/raw/news_social_sentiment/BAX.json,,True
BBVA,news_social_sentiment,research/data/eodhd/raw/news_social_sentiment/BBVA.json,,True
BBY,news_social_sentiment,research/data/eodhd/raw/news_social_sentiment/BBY.json,,True
BCS,news_social_sentiment,research/data/eodhd/raw/news_social_sentiment/BCS.json,,True
BDX,news_social_sentiment,research/data/eodhd/raw/news_social_sentiment/BDX.json,,True
BE,news_social_sentiment,research/data/eodhd/raw/news_social_sentiment/BE.json,,True
BEN,news_social_sentiment,research/data/eodhd/raw/news_social_sentiment/BEN.json,,True
BG,news_social_sentiment,research/data/eodhd/raw/news_social_sentiment/BG.json,,True
BHP,news_social_sentiment,research/data/eodhd/raw/news_social_sentiment/BHP.json,,True
BIIB,news_social_sentiment,research/data/eodhd/raw/news_social_sentiment/BIIB.json,,True
BKNG,news_social_sentiment,research/data/eodhd/raw/news_social_sentiment/BKNG.json,,True
BKR,news_social_sentiment,research/data/eodhd/raw/news_social_sentiment/BKR.json,,True
BLDR,news_social_sentiment,research/data/eodhd/raw/news_social_sentiment/BLDR.json,,True
BLK,news_social_sentiment,research/data/eodhd/raw/news_social_sentiment/BLK.json,,True
BMO,news_social_sentiment,research/data/eodhd/raw/news_social_sentiment/BMO.json,,True
BMY,news_social_sentiment,research/data/eodhd/raw/news_social_sentiment/BMY.json,,True
BN,news_social_sentiment,research/data/eodhd/raw/news_social_sentiment/BN.json,,True
BNS,news_social_sentiment,research/data/eodhd/raw/news_social_sentiment/BNS.json,,True
BNY,news_social_sentiment,research/data/eodhd/raw/news_social_sentiment/BNY.json,,True
BP,news_social_sentiment,research/data/eodhd/raw/news_social_sentiment/BP.json,,True
BR,news_social_sentiment,research/data/eodhd/raw/news_social_sentiment/BR.json,,True
BRO,news_social_sentiment,research/data/eodhd/raw/news_social_sentiment/BRO.json,,True
BSX,news_social_sentiment,research/data/eodhd/raw/news_social_sentiment/BSX.json,,True
BTI,news_social_sentiment,research/data/eodhd/raw/news_social_sentiment/BTI.json,,True
BUD,news_social_sentiment,research/data/eodhd/raw/news_social_sentiment/BUD.json,,True
BX,news_social_sentiment,research/data/eodhd/raw/news_social_sentiment/BX.json,,True
BXP,news_social_sentiment,research/data/eodhd/raw/news_social_sentiment/BXP.json,,True
C,news_social_sentiment,research/data/eodhd/raw/news_social_sentiment/C.json,,True
CAG,news_social_sentiment,research/data/eodhd/raw/news_social_sentiment/CAG.json,,True
CAH,news_social_sentiment,research/data/eodhd/raw/news_social_sentiment/CAH.json,,True
CARR,news_social_sentiment,research/data/eodhd/raw/news_social_sentiment/CARR.json,,True
CASY,news_social_sentiment,research/data/eodhd/raw/news_social_sentiment/CASY.json,,True
CAT,news_social_sentiment,research/data/eodhd/raw/news_social_sentiment/CAT.json,,True
CB,news_social_sentiment,research/data/eodhd/raw/news_social_sentiment/CB.json,,True
CBOE,news_social_sentiment,research/data/eodhd/raw/news_social_sentiment/CBOE.json,,True
CBRE,news_social_sentiment,research/data/eodhd/raw/news_social_sentiment/CBRE.json,,True
CCI,news_social_sentiment,research/data/eodhd/raw/news_social_sentiment/CCI.json,,True
CCL,news_social_sentiment,research/data/eodhd/raw/news_social_sentiment/CCL.json,,True
CDNS,news_social_sentiment,research/data/eodhd/raw/news_social_sentiment/CDNS.json,,True
CDW,news_social_sentiment,research/data/eodhd/raw/news_social_sentiment/CDW.json,,True
CEG,news_social_sentiment,research/data/eodhd/raw/news_social_sentiment/CEG.json,,True
CF,news_social_sentiment,research/data/eodhd/raw/news_social_sentiment/CF.json,,True
CFG,news_social_sentiment,research/data/eodhd/raw/news_social_sentiment/CFG.json,,True
CHD,news_social_sentiment,research/data/eodhd/raw/news_social_sentiment/CHD.json,,True
CHRW,news_social_sentiment,research/data/eodhd/raw/news_social_sentiment/CHRW.json,,True
CHTR,news_social_sentiment,research/data/eodhd/raw/news_social_sentiment/CHTR.json,,True
CI,news_social_sentiment,research/data/eodhd/raw/news_social_sentiment/CI.json,,True
CIEN,news_social_sentiment,research/data/eodhd/raw/news_social_sentiment/CIEN.json,,True
CINF,news_social_sentiment,research/data/eodhd/raw/news_social_sentiment/CINF.json,,True
CL,news_social_sentiment,research/data/eodhd/raw/news_social_sentiment/CL.json,,True
CLX,news_social_sentiment,research/data/eodhd/raw/news_social_sentiment/CLX.json,,True
CM,news_social_sentiment,research/data/eodhd/raw/news_social_sentiment/CM.json,,True
CMCSA,news_social_sentiment,research/data/eodhd/raw/news_social_sentiment/CMCSA.json,,True
CME,news_social_sentiment,research/data/eodhd/raw/news_social_sentiment/CME.json,,True
CMG,news_social_sentiment,research/data/eodhd/raw/news_social_sentiment/CMG.json,,True
CMI,news_social_sentiment,research/data/eodhd/raw/news_social_sentiment/CMI.json,,True
CMS,news_social_sentiment,research/data/eodhd/raw/news_social_sentiment/CMS.json,,True
CNC,news_social_sentiment,research/data/eodhd/raw/news_social_sentiment/CNC.json,,True
CNI,news_social_sentiment,research/data/eodhd/raw/news_social_sentiment/CNI.json,,True
CNP,news_social_sentiment,research/data/eodhd/raw/news_social_sentiment/CNP.json,,True
CNQ,news_social_sentiment,research/data/eodhd/raw/news_social_sentiment/CNQ.json,,True
COF,news_social_sentiment,research/data/eodhd/raw/news_social_sentiment/COF.json,,True
COHR,news_social_sentiment,research/data/eodhd/raw/news_social_sentiment/COHR.json,,True
COIN,news_social_sentiment,research/data/eodhd/raw/news_social_sentiment/COIN.json,,True
COO,news_social_sentiment,research/data/eodhd/raw/news_social_sentiment/COO.json,,True
COP,news_social_sentiment,research/data/eodhd/raw/news_social_sentiment/COP.json,,True
COR,news_social_sentiment,research/data/eodhd/raw/news_social_sentiment/COR.json,,True
COST,news_social_sentiment,research/data/eodhd/raw/news_social_sentiment/COST.json,,True
CP,news_social_sentiment,research/data/eodhd/raw/news_social_sentiment/CP.json,,True
CPAY,news_social_sentiment,research/data/eodhd/raw/news_social_sentiment/CPAY.json,,True
CPRT,news_social_sentiment,research/data/eodhd/raw/news_social_sentiment/CPRT.json,,True
CPT,news_social_sentiment,research/data/eodhd/raw/news_social_sentiment/CPT.json,,True
CRH,news_social_sentiment,research/data/eodhd/raw/news_social_sentiment/CRH.json,,True
CRL,news_social_sentiment,research/data/eodhd/raw/news_social_sentiment/CRL.json,,True
CRM,news_social_sentiment,research/data/eodhd/raw/news_social_sentiment/CRM.json,,True
CRWD,news_social_sentiment,research/data/eodhd/raw/news_social_sentiment/CRWD.json,,True
CSCO,news_social_sentiment,research/data/eodhd/raw/news_social_sentiment/CSCO.json,,True
CSGP,news_social_sentiment,research/data/eodhd/raw/news_social_sentiment/CSGP.json,,True
CSX,news_social_sentiment,research/data/eodhd/raw/news_social_sentiment/CSX.json,,True
CTAS,news_social_sentiment,research/data/eodhd/raw/news_social_sentiment/CTAS.json,,True
CTSH,news_social_sentiment,research/data/eodhd/raw/news_social_sentiment/CTSH.json,,True
CTVA,news_social_sentiment,research/data/eodhd/raw/news_social_sentiment/CTVA.json,,True
CVNA,news_social_sentiment,research/data/eodhd/raw/news_social_sentiment/CVNA.json,,True
CVS,news_social_sentiment,research/data/eodhd/raw/news_social_sentiment/CVS.json,,True
CVX,news_social_sentiment,research/data/eodhd/raw/news_social_sentiment/CVX.json,,True
CYATY,news_social_sentiment,research/data/eodhd/raw/news_social_sentiment/CYATY.json,,True
D,news_social_sentiment,research/data/eodhd/raw/news_social_sentiment/D.json,,True
DAL,news_social_sentiment,research/data/eodhd/raw/news_social_sentiment/DAL.json,,True
DASH,news_social_sentiment,research/data/eodhd/raw/news_social_sentiment/DASH.json,,True
DB,news_social_sentiment,research/data/eodhd/raw/news_social_sentiment/DB.json,,True
DD,news_social_sentiment,research/data/eodhd/raw/news_social_sentiment/DD.json,,True
DDOG,news_social_sentiment,research/data/eodhd/raw/news_social_sentiment/DDOG.json,,True
DE,news_social_sentiment,research/data/eodhd/raw/news_social_sentiment/DE.json,,True
DECK,news_social_sentiment,research/data/eodhd/raw/news_social_sentiment/DECK.json,,True
DELL,news_social_sentiment,research/data/eodhd/raw/news_social_sentiment/DELL.json,,True
DG,news_social_sentiment,research/data/eodhd/raw/news_social_sentiment/DG.json,,True
DGX,news_social_sentiment,research/data/eodhd/raw/news_social_sentiment/DGX.json,,True
DHI,news_social_sentiment,research/data/eodhd/raw/news_social_sentiment/DHI.json,,True
DHR,news_social_sentiment,research/data/eodhd/raw/news_social_sentiment/DHR.json,,True
DIS,news_social_sentiment,research/data/eodhd/raw/news_social_sentiment/DIS.json,,True
DLR,news_social_sentiment,research/data/eodhd/raw/news_social_sentiment/DLR.json,,True
DLTR,news_social_sentiment,research/data/eodhd/raw/news_social_sentiment/DLTR.json,,True
DOC,news_social_sentiment,research/data/eodhd/raw/news_social_sentiment/DOC.json,,True
DOV,news_social_sentiment,research/data/eodhd/raw/news_social_sentiment/DOV.json,,True
DOW,news_social_sentiment,research/data/eodhd/raw/news_social_sentiment/DOW.json,,True
DPZ,news_social_sentiment,research/data/eodhd/raw/news_social_sentiment/DPZ.json,,True
DRI,news_social_sentiment,research/data/eodhd/raw/news_social_sentiment/DRI.json,,True
DTE,news_social_sentiment,research/data/eodhd/raw/news_social_sentiment/DTE.json,,True
DTEGY,news_social_sentiment,research/data/eodhd/raw/news_social_sentiment/DTEGY.json,,True
DUK,news_social_sentiment,research/data/eodhd/raw/news_social_sentiment/DUK.json,,True
DVA,news_social_sentiment,research/data/eodhd/raw/news_social_sentiment/DVA.json,,True
DVN,news_social_sentiment,research/data/eodhd/raw/news_social_sentiment/DVN.json,,True
DXCM,news_social_sentiment,research/data/eodhd/raw/news_social_sentiment/DXCM.json,,True
E,news_social_sentiment,research/data/eodhd/raw/news_social_sentiment/E.json,,True
EA,news_social_sentiment,research/data/eodhd/raw/news_social_sentiment/EA.json,,True
EBAY,news_social_sentiment,research/data/eodhd/raw/news_social_sentiment/EBAY.json,,True
ECL,news_social_sentiment,research/data/eodhd/raw/news_social_sentiment/ECL.json,,True
ED,news_social_sentiment,research/data/eodhd/raw/news_social_sentiment/ED.json,,True
EFX,news_social_sentiment,research/data/eodhd/raw/news_social_sentiment/EFX.json,,True
EG,news_social_sentiment,research/data/eodhd/raw/news_social_sentiment/EG.json,,True
EIX,news_social_sentiment,research/data/eodhd/raw/news_social_sentiment/EIX.json,,True
EL,news_social_sentiment,research/data/eodhd/raw/news_social_sentiment/EL.json,,True
ELV,news_social_sentiment,research/data/eodhd/raw/news_social_sentiment/ELV.json,,True
EME,news_social_sentiment,research/data/eodhd/raw/news_social_sentiment/EME.json,,True
EMR,news_social_sentiment,research/data/eodhd/raw/news_social_sentiment/EMR.json,,True
ENB,news_social_sentiment,research/data/eodhd/raw/news_social_sentiment/ENB.json,,True
EOG,news_social_sentiment,research/data/eodhd/raw/news_social_sentiment/EOG.json,,True
EPD,news_social_sentiment,research/data/eodhd/raw/news_social_sentiment/EPD.json,,True
EQIX,news_social_sentiment,research/data/eodhd/raw/news_social_sentiment/EQIX.json,,True
EQNR,news_social_sentiment,research/data/eodhd/raw/news_social_sentiment/EQNR.json,,True
EQR,news_social_sentiment,research/data/eodhd/raw/news_social_sentiment/EQR.json,,True
EQT,news_social_sentiment,research/data/eodhd/raw/news_social_sentiment/EQT.json,,True
ERIE,news_social_sentiment,research/data/eodhd/raw/news_social_sentiment/ERIE.json,,True
ES,news_social_sentiment,research/data/eodhd/raw/news_social_sentiment/ES.json,,True
ESS,news_social_sentiment,research/data/eodhd/raw/news_social_sentiment/ESS.json,,True
ET,news_social_sentiment,research/data/eodhd/raw/news_social_sentiment/ET.json,,True
ETN,news_social_sentiment,research/data/eodhd/raw/news_social_sentiment/ETN.json,,True
ETR,news_social_sentiment,research/data/eodhd/raw/news_social_sentiment/ETR.json,,True
EVRG,news_social_sentiment,research/data/eodhd/raw/news_social_sentiment/EVRG.json,,True
EW,news_social_sentiment,research/data/eodhd/raw/news_social_sentiment/EW.json,,True
EXC,news_social_sentiment,research/data/eodhd/raw/news_social_sentiment/EXC.json,,True
EXE,news_social_sentiment,research/data/eodhd/raw/news_social_sentiment/EXE.json,,True
EXPD,news_social_sentiment,research/data/eodhd/raw/news_social_sentiment/EXPD.json,,True
EXPE,news_social_sentiment,research/data/eodhd/raw/news_social_sentiment/EXPE.json,,True
EXR,news_social_sentiment,research/data/eodhd/raw/news_social_sentiment/EXR.json,,True
F,news_social_sentiment,research/data/eodhd/raw/news_social_sentiment/F.json,,True
FANG,news_social_sentiment,research/data/eodhd/raw/news_social_sentiment/FANG.json,,True
FAST,news_social_sentiment,research/data/eodhd/raw/news_social_sentiment/FAST.json,,True
FCX,news_social_sentiment,research/data/eodhd/raw/news_social_sentiment/FCX.json,,True
FDS,news_social_sentiment,research/data/eodhd/raw/news_social_sentiment/FDS.json,,True
FDX,news_social_sentiment,research/data/eodhd/raw/news_social_sentiment/FDX.json,,True
FE,news_social_sentiment,research/data/eodhd/raw/news_social_sentiment/FE.json,,True
FFIV,news_social_sentiment,research/data/eodhd/raw/news_social_sentiment/FFIV.json,,True
FICO,news_social_sentiment,research/data/eodhd/raw/news_social_sentiment/FICO.json,,True
FIS,news_social_sentiment,research/data/eodhd/raw/news_social_sentiment/FIS.json,,True
FISV,news_social_sentiment,research/data/eodhd/raw/news_social_sentiment/FISV.json,,True
FITB,news_social_sentiment,research/data/eodhd/raw/news_social_sentiment/FITB.json,,True
FIX,news_social_sentiment,research/data/eodhd/raw/news_social_sentiment/FIX.json,,True
FLEX,news_social_sentiment,research/data/eodhd/raw/news_social_sentiment/FLEX.json,,True
FOX,news_social_sentiment,research/data/eodhd/raw/news_social_sentiment/FOX.json,,True
FOXA,news_social_sentiment,research/data/eodhd/raw/news_social_sentiment/FOXA.json,,True
FRT,news_social_sentiment,research/data/eodhd/raw/news_social_sentiment/FRT.json,,True
FSLR,news_social_sentiment,research/data/eodhd/raw/news_social_sentiment/FSLR.json,,True
FTNT,news_social_sentiment,research/data/eodhd/raw/news_social_sentiment/FTNT.json,,True
FTV,news_social_sentiment,research/data/eodhd/raw/news_social_sentiment/FTV.json,,True
GD,news_social_sentiment,research/data/eodhd/raw/news_social_sentiment/GD.json,,True
GDDY,news_social_sentiment,research/data/eodhd/raw/news_social_sentiment/GDDY.json,,True
GE,news_social_sentiment,research/data/eodhd/raw/news_social_sentiment/GE.json,,True
GEHC,news_social_sentiment,research/data/eodhd/raw/news_social_sentiment/GEHC.json,,True
GEN,news_social_sentiment,research/data/eodhd/raw/news_social_sentiment/GEN.json,,True
GEV,news_social_sentiment,research/data/eodhd/raw/news_social_sentiment/GEV.json,,True
GILD,news_social_sentiment,research/data/eodhd/raw/news_social_sentiment/GILD.json,,True
GIS,news_social_sentiment,research/data/eodhd/raw/news_social_sentiment/GIS.json,,True
GL,news_social_sentiment,research/data/eodhd/raw/news_social_sentiment/GL.json,,True
GLW,news_social_sentiment,research/data/eodhd/raw/news_social_sentiment/GLW.json,,True
GM,news_social_sentiment,research/data/eodhd/raw/news_social_sentiment/GM.json,,True
GNRC,news_social_sentiment,research/data/eodhd/raw/news_social_sentiment/GNRC.json,,True
GOOG,news_social_sentiment,research/data/eodhd/raw/news_social_sentiment/GOOG.json,,True
GOOGL,news_social_sentiment,research/data/eodhd/raw/news_social_sentiment/GOOGL.json,,True
GPC,news_social_sentiment,research/data/eodhd/raw/news_social_sentiment/GPC.json,,True
GPN,news_social_sentiment,research/data/eodhd/raw/news_social_sentiment/GPN.json,,True
GRMN,news_social_sentiment,research/data/eodhd/raw/news_social_sentiment/GRMN.json,,True
GS,news_social_sentiment,research/data/eodhd/raw/news_social_sentiment/GS.json,,True
GSK,news_social_sentiment,research/data/eodhd/raw/news_social_sentiment/GSK.json,,True
GWW,news_social_sentiment,research/data/eodhd/raw/news_social_sentiment/GWW.json,,True
HAL,news_social_sentiment,research/data/eodhd/raw/news_social_sentiment/HAL.json,,True
HAS,news_social_sentiment,research/data/eodhd/raw/news_social_sentiment/HAS.json,,True
HBAN,news_social_sentiment,research/data/eodhd/raw/news_social_sentiment/HBAN.json,,True
HCA,news_social_sentiment,research/data/eodhd/raw/news_social_sentiment/HCA.json,,True
HD,news_social_sentiment,research/data/eodhd/raw/news_social_sentiment/HD.json,,True
HDB,news_social_sentiment,research/data/eodhd/raw/news_social_sentiment/HDB.json,,True
HIG,news_social_sentiment,research/data/eodhd/raw/news_social_sentiment/HIG.json,,True
HII,news_social_sentiment,research/data/eodhd/raw/news_social_sentiment/HII.json,,True
HLT,news_social_sentiment,research/data/eodhd/raw/news_social_sentiment/HLT.json,,True
HON,news_social_sentiment,research/data/eodhd/raw/news_social_sentiment/HON.json,,True
HOOD,news_social_sentiment,research/data/eodhd/raw/news_social_sentiment/HOOD.json,,True
HPE,news_social_sentiment,research/data/eodhd/raw/news_social_sentiment/HPE.json,,True
HPQ,news_social_sentiment,research/data/eodhd/raw/news_social_sentiment/HPQ.json,,True
HRL,news_social_sentiment,research/data/eodhd/raw/news_social_sentiment/HRL.json,,True
HSBC,news_social_sentiment,research/data/eodhd/raw/news_social_sentiment/HSBC.json,,True
HSIC,news_social_sentiment,research/data/eodhd/raw/news_social_sentiment/HSIC.json,,True
HST,news_social_sentiment,research/data/eodhd/raw/news_social_sentiment/HST.json,,True
HSY,news_social_sentiment,research/data/eodhd/raw/news_social_sentiment/HSY.json,,True
HTHIY,news_social_sentiment,research/data/eodhd/raw/news_social_sentiment/HTHIY.json,,True
HUBB,news_social_sentiment,research/data/eodhd/raw/news_social_sentiment/HUBB.json,,True
HUM,news_social_sentiment,research/data/eodhd/raw/news_social_sentiment/HUM.json,,True
HWM,news_social_sentiment,research/data/eodhd/raw/news_social_sentiment/HWM.json,,True
IBKR,news_social_sentiment,research/data/eodhd/raw/news_social_sentiment/IBKR.json,,True
IBM,news_social_sentiment,research/data/eodhd/raw/news_social_sentiment/IBM.json,,True
IBN,news_social_sentiment,research/data/eodhd/raw/news_social_sentiment/IBN.json,,True
ICE,news_social_sentiment,research/data/eodhd/raw/news_social_sentiment/ICE.json,,True
IDXX,news_social_sentiment,research/data/eodhd/raw/news_social_sentiment/IDXX.json,,True
IEX,news_social_sentiment,research/data/eodhd/raw/news_social_sentiment/IEX.json,,True
IFF,news_social_sentiment,research/data/eodhd/raw/news_social_sentiment/IFF.json,,True
IFNNY,news_social_sentiment,research/data/eodhd/raw/news_social_sentiment/IFNNY.json,,True
IMO,news_social_sentiment,research/data/eodhd/raw/news_social_sentiment/IMO.json,,True
INCY,news_social_sentiment,research/data/eodhd/raw/news_social_sentiment/INCY.json,,True
ING,news_social_sentiment,research/data/eodhd/raw/news_social_sentiment/ING.json,,True
INTC,news_social_sentiment,research/data/eodhd/raw/news_social_sentiment/INTC.json,,True
INTU,news_social_sentiment,research/data/eodhd/raw/news_social_sentiment/INTU.json,,True
INVH,news_social_sentiment,research/data/eodhd/raw/news_social_sentiment/INVH.json,,True
IP,news_social_sentiment,research/data/eodhd/raw/news_social_sentiment/IP.json,,True
IQV,news_social_sentiment,research/data/eodhd/raw/news_social_sentiment/IQV.json,,True
IR,news_social_sentiment,research/data/eodhd/raw/news_social_sentiment/IR.json,,True
IRM,news_social_sentiment,research/data/eodhd/raw/news_social_sentiment/IRM.json,,True
ISRG,news_social_sentiment,research/data/eodhd/raw/news_social_sentiment/ISRG.json,,True
IT,news_social_sentiment,research/data/eodhd/raw/news_social_sentiment/IT.json,,True
ITUB,news_social_sentiment,research/data/eodhd/raw/news_social_sentiment/ITUB.json,,True
ITW,news_social_sentiment,research/data/eodhd/raw/news_social_sentiment/ITW.json,,True
IVZ,news_social_sentiment,research/data/eodhd/raw/news_social_sentiment/IVZ.json,,True
J,news_social_sentiment,research/data/eodhd/raw/news_social_sentiment/J.json,,True
JBHT,news_social_sentiment,research/data/eodhd/raw/news_social_sentiment/JBHT.json,,True
JBL,news_social_sentiment,research/data/eodhd/raw/news_social_sentiment/JBL.json,,True
JCI,news_social_sentiment,research/data/eodhd/raw/news_social_sentiment/JCI.json,,True
JKHY,news_social_sentiment,research/data/eodhd/raw/news_social_sentiment/JKHY.json,,True
JNJ,news_social_sentiment,research/data/eodhd/raw/news_social_sentiment/JNJ.json,,True
JPM,news_social_sentiment,research/data/eodhd/raw/news_social_sentiment/JPM.json,,True
KDP,news_social_sentiment,research/data/eodhd/raw/news_social_sentiment/KDP.json,,True
KEY,news_social_sentiment,research/data/eodhd/raw/news_social_sentiment/KEY.json,,True
KEYS,news_social_sentiment,research/data/eodhd/raw/news_social_sentiment/KEYS.json,,True
KHC,news_social_sentiment,research/data/eodhd/raw/news_social_sentiment/KHC.json,,True
KIM,news_social_sentiment,research/data/eodhd/raw/news_social_sentiment/KIM.json,,True
KKR,news_social_sentiment,research/data/eodhd/raw/news_social_sentiment/KKR.json,,True
KLAC,news_social_sentiment,research/data/eodhd/raw/news_social_sentiment/KLAC.json,,True
KMB,news_social_sentiment,research/data/eodhd/raw/news_social_sentiment/KMB.json,,True
KMI,news_social_sentiment,research/data/eodhd/raw/news_social_sentiment/KMI.json,,True
KO,news_social_sentiment,research/data/eodhd/raw/news_social_sentiment/KO.json,,True
KR,news_social_sentiment,research/data/eodhd/raw/news_social_sentiment/KR.json,,True
KVUE,news_social_sentiment,research/data/eodhd/raw/news_social_sentiment/KVUE.json,,True
KXIAY,news_social_sentiment,research/data/eodhd/raw/news_social_sentiment/KXIAY.json,,True
L,news_social_sentiment,research/data/eodhd/raw/news_social_sentiment/L.json,,True
LDOS,news_social_sentiment,research/data/eodhd/raw/news_social_sentiment/LDOS.json,,True
LEN,news_social_sentiment,research/data/eodhd/raw/news_social_sentiment/LEN.json,,True
LH,news_social_sentiment,research/data/eodhd/raw/news_social_sentiment/LH.json,,True
LHX,news_social_sentiment,research/data/eodhd/raw/news_social_sentiment/LHX.json,,True
LII,news_social_sentiment,research/data/eodhd/raw/news_social_sentiment/LII.json,,True
LIN,news_social_sentiment,research/data/eodhd/raw/news_social_sentiment/LIN.json,,True
LITE,news_social_sentiment,research/data/eodhd/raw/news_social_sentiment/LITE.json,,True
LLY,news_social_sentiment,research/data/eodhd/raw/news_social_sentiment/LLY.json,,True
LMT,news_social_sentiment,research/data/eodhd/raw/news_social_sentiment/LMT.json,,True
LNT,news_social_sentiment,research/data/eodhd/raw/news_social_sentiment/LNT.json,,True
LOW,news_social_sentiment,research/data/eodhd/raw/news_social_sentiment/LOW.json,,True
LRCX,news_social_sentiment,research/data/eodhd/raw/news_social_sentiment/LRCX.json,,True
LSEGY,news_social_sentiment,research/data/eodhd/raw/news_social_sentiment/LSEGY.json,,True
LULU,news_social_sentiment,research/data/eodhd/raw/news_social_sentiment/LULU.json,,True
LUV,news_social_sentiment,research/data/eodhd/raw/news_social_sentiment/LUV.json,,True
LVS,news_social_sentiment,research/data/eodhd/raw/news_social_sentiment/LVS.json,,True
LYB,news_social_sentiment,research/data/eodhd/raw/news_social_sentiment/LYB.json,,True
LYG,news_social_sentiment,research/data/eodhd/raw/news_social_sentiment/LYG.json,,True
LYV,news_social_sentiment,research/data/eodhd/raw/news_social_sentiment/LYV.json,,True
MA,news_social_sentiment,research/data/eodhd/raw/news_social_sentiment/MA.json,,True
MAA,news_social_sentiment,research/data/eodhd/raw/news_social_sentiment/MAA.json,,True
MAR,news_social_sentiment,research/data/eodhd/raw/news_social_sentiment/MAR.json,,True
MAS,news_social_sentiment,research/data/eodhd/raw/news_social_sentiment/MAS.json,,True
MCD,news_social_sentiment,research/data/eodhd/raw/news_social_sentiment/MCD.json,,True
MCHP,news_social_sentiment,research/data/eodhd/raw/news_social_sentiment/MCHP.json,,True
MCK,news_social_sentiment,research/data/eodhd/raw/news_social_sentiment/MCK.json,,True
MCO,news_social_sentiment,research/data/eodhd/raw/news_social_sentiment/MCO.json,,True
MDLN,news_social_sentiment,research/data/eodhd/raw/news_social_sentiment/MDLN.json,,True
MDLZ,news_social_sentiment,research/data/eodhd/raw/news_social_sentiment/MDLZ.json,,True
MDT,news_social_sentiment,research/data/eodhd/raw/news_social_sentiment/MDT.json,,True
MELI,news_social_sentiment,research/data/eodhd/raw/news_social_sentiment/MELI.json,,True
MET,news_social_sentiment,research/data/eodhd/raw/news_social_sentiment/MET.json,,True
META,news_social_sentiment,research/data/eodhd/raw/news_social_sentiment/META.json,,True
MFC,news_social_sentiment,research/data/eodhd/raw/news_social_sentiment/MFC.json,,True
MFG,news_social_sentiment,research/data/eodhd/raw/news_social_sentiment/MFG.json,,True
MGCLY,news_social_sentiment,research/data/eodhd/raw/news_social_sentiment/MGCLY.json,,True
MGM,news_social_sentiment,research/data/eodhd/raw/news_social_sentiment/MGM.json,,True
MKC,news_social_sentiment,research/data/eodhd/raw/news_social_sentiment/MKC.json,,True
MLM,news_social_sentiment,research/data/eodhd/raw/news_social_sentiment/MLM.json,,True
MMM,news_social_sentiment,research/data/eodhd/raw/news_social_sentiment/MMM.json,,True
MNST,news_social_sentiment,research/data/eodhd/raw/news_social_sentiment/MNST.json,,True
MO,news_social_sentiment,research/data/eodhd/raw/news_social_sentiment/MO.json,,True
MOS,news_social_sentiment,research/data/eodhd/raw/news_social_sentiment/MOS.json,,True
MPC,news_social_sentiment,research/data/eodhd/raw/news_social_sentiment/MPC.json,,True
MPWR,news_social_sentiment,research/data/eodhd/raw/news_social_sentiment/MPWR.json,,True
MRK,news_social_sentiment,research/data/eodhd/raw/news_social_sentiment/MRK.json,,True
MRNA,news_social_sentiment,research/data/eodhd/raw/news_social_sentiment/MRNA.json,,True
MRSH,news_social_sentiment,research/data/eodhd/raw/news_social_sentiment/MRSH.json,,True
MRVL,news_social_sentiment,research/data/eodhd/raw/news_social_sentiment/MRVL.json,,True
MS,news_social_sentiment,research/data/eodhd/raw/news_social_sentiment/MS.json,,True
MSCI,news_social_sentiment,research/data/eodhd/raw/news_social_sentiment/MSCI.json,,True
MSFT,news_social_sentiment,research/data/eodhd/raw/news_social_sentiment/MSFT.json,,True
MSI,news_social_sentiment,research/data/eodhd/raw/news_social_sentiment/MSI.json,,True
MTB,news_social_sentiment,research/data/eodhd/raw/news_social_sentiment/MTB.json,,True
MTD,news_social_sentiment,research/data/eodhd/raw/news_social_sentiment/MTD.json,,True
MU,news_social_sentiment,research/data/eodhd/raw/news_social_sentiment/MU.json,,True
MUFG,news_social_sentiment,research/data/eodhd/raw/news_social_sentiment/MUFG.json,,True
NBIS,news_social_sentiment,research/data/eodhd/raw/news_social_sentiment/NBIS.json,,True
NCLH,news_social_sentiment,research/data/eodhd/raw/news_social_sentiment/NCLH.json,,True
NDAQ,news_social_sentiment,research/data/eodhd/raw/news_social_sentiment/NDAQ.json,,True
NDSN,news_social_sentiment,research/data/eodhd/raw/news_social_sentiment/NDSN.json,,True
NEE,news_social_sentiment,research/data/eodhd/raw/news_social_sentiment/NEE.json,,True
NEM,news_social_sentiment,research/data/eodhd/raw/news_social_sentiment/NEM.json,,True
NET,news_social_sentiment,research/data/eodhd/raw/news_social_sentiment/NET.json,,True
NFLX,news_social_sentiment,research/data/eodhd/raw/news_social_sentiment/NFLX.json,,True
NGG,news_social_sentiment,research/data/eodhd/raw/news_social_sentiment/NGG.json,,True
NI,news_social_sentiment,research/data/eodhd/raw/news_social_sentiment/NI.json,,True
NKE,news_social_sentiment,research/data/eodhd/raw/news_social_sentiment/NKE.json,,True
NOC,news_social_sentiment,research/data/eodhd/raw/news_social_sentiment/NOC.json,,True
NOK,news_social_sentiment,research/data/eodhd/raw/news_social_sentiment/NOK.json,,True
NOW,news_social_sentiment,research/data/eodhd/raw/news_social_sentiment/NOW.json,,True
NRG,news_social_sentiment,research/data/eodhd/raw/news_social_sentiment/NRG.json,,True
NSC,news_social_sentiment,research/data/eodhd/raw/news_social_sentiment/NSC.json,,True
NTAP,news_social_sentiment,research/data/eodhd/raw/news_social_sentiment/NTAP.json,,True
NTES,news_social_sentiment,research/data/eodhd/raw/news_social_sentiment/NTES.json,,True
NTRS,news_social_sentiment,research/data/eodhd/raw/news_social_sentiment/NTRS.json,,True
NU,news_social_sentiment,research/data/eodhd/raw/news_social_sentiment/NU.json,,True
NUE,news_social_sentiment,research/data/eodhd/raw/news_social_sentiment/NUE.json,,True
NVDA,news_social_sentiment,research/data/eodhd/raw/news_social_sentiment/NVDA.json,,True
NVO,news_social_sentiment,research/data/eodhd/raw/news_social_sentiment/NVO.json,,True
NVR,news_social_sentiment,research/data/eodhd/raw/news_social_sentiment/NVR.json,,True
NVS,news_social_sentiment,research/data/eodhd/raw/news_social_sentiment/NVS.json,,True
NWG,news_social_sentiment,research/data/eodhd/raw/news_social_sentiment/NWG.json,,True
NWS,news_social_sentiment,research/data/eodhd/raw/news_social_sentiment/NWS.json,,True
NWSA,news_social_sentiment,research/data/eodhd/raw/news_social_sentiment/NWSA.json,,True
NXPI,news_social_sentiment,research/data/eodhd/raw/news_social_sentiment/NXPI.json,,True
O,news_social_sentiment,research/data/eodhd/raw/news_social_sentiment/O.json,,True
ODFL,news_social_sentiment,research/data/eodhd/raw/news_social_sentiment/ODFL.json,,True
OKE,news_social_sentiment,research/data/eodhd/raw/news_social_sentiment/OKE.json,,True
OMC,news_social_sentiment,research/data/eodhd/raw/news_social_sentiment/OMC.json,,True
ON,news_social_sentiment,research/data/eodhd/raw/news_social_sentiment/ON.json,,True
ORCL,news_social_sentiment,research/data/eodhd/raw/news_social_sentiment/ORCL.json,,True
ORLY,news_social_sentiment,research/data/eodhd/raw/news_social_sentiment/ORLY.json,,True
OTIS,news_social_sentiment,research/data/eodhd/raw/news_social_sentiment/OTIS.json,,True
OXY,news_social_sentiment,research/data/eodhd/raw/news_social_sentiment/OXY.json,,True
PANW,news_social_sentiment,research/data/eodhd/raw/news_social_sentiment/PANW.json,,True
PAYX,news_social_sentiment,research/data/eodhd/raw/news_social_sentiment/PAYX.json,,True
PBR,news_social_sentiment,research/data/eodhd/raw/news_social_sentiment/PBR.json,,True
PCAR,news_social_sentiment,research/data/eodhd/raw/news_social_sentiment/PCAR.json,,True
PCG,news_social_sentiment,research/data/eodhd/raw/news_social_sentiment/PCG.json,,True
PDD,news_social_sentiment,research/data/eodhd/raw/news_social_sentiment/PDD.json,,True
PEG,news_social_sentiment,research/data/eodhd/raw/news_social_sentiment/PEG.json,,True
PEP,news_social_sentiment,research/data/eodhd/raw/news_social_sentiment/PEP.json,,True
PFE,news_social_sentiment,research/data/eodhd/raw/news_social_sentiment/PFE.json,,True
PFG,news_social_sentiment,research/data/eodhd/raw/news_social_sentiment/PFG.json,,True
PG,news_social_sentiment,research/data/eodhd/raw/news_social_sentiment/PG.json,,True
PGR,news_social_sentiment,research/data/eodhd/raw/news_social_sentiment/PGR.json,,True
PH,news_social_sentiment,research/data/eodhd/raw/news_social_sentiment/PH.json,,True
PHM,news_social_sentiment,research/data/eodhd/raw/news_social_sentiment/PHM.json,,True
PKG,news_social_sentiment,research/data/eodhd/raw/news_social_sentiment/PKG.json,,True
PLD,news_social_sentiment,research/data/eodhd/raw/news_social_sentiment/PLD.json,,True
PLTR,news_social_sentiment,research/data/eodhd/raw/news_social_sentiment/PLTR.json,,True
PM,news_social_sentiment,research/data/eodhd/raw/news_social_sentiment/PM.json,,True
PNC,news_social_sentiment,research/data/eodhd/raw/news_social_sentiment/PNC.json,,True
PNR,news_social_sentiment,research/data/eodhd/raw/news_social_sentiment/PNR.json,,True
PNW,news_social_sentiment,research/data/eodhd/raw/news_social_sentiment/PNW.json,,True
PODD,news_social_sentiment,research/data/eodhd/raw/news_social_sentiment/PODD.json,,True
PPG,news_social_sentiment,research/data/eodhd/raw/news_social_sentiment/PPG.json,,True
PPL,news_social_sentiment,research/data/eodhd/raw/news_social_sentiment/PPL.json,,True
PRU,news_social_sentiment,research/data/eodhd/raw/news_social_sentiment/PRU.json,,True
PSA,news_social_sentiment,research/data/eodhd/raw/news_social_sentiment/PSA.json,,True
PSKY,news_social_sentiment,research/data/eodhd/raw/news_social_sentiment/PSKY.json,,True
PSX,news_social_sentiment,research/data/eodhd/raw/news_social_sentiment/PSX.json,,True
PTC,news_social_sentiment,research/data/eodhd/raw/news_social_sentiment/PTC.json,,True
PWR,news_social_sentiment,research/data/eodhd/raw/news_social_sentiment/PWR.json,,True
PYPL,news_social_sentiment,research/data/eodhd/raw/news_social_sentiment/PYPL.json,,True
Q,news_social_sentiment,research/data/eodhd/raw/news_social_sentiment/Q.json,,True
QCOM,news_social_sentiment,research/data/eodhd/raw/news_social_sentiment/QCOM.json,,True
RACE,news_social_sentiment,research/data/eodhd/raw/news_social_sentiment/RACE.json,,True
RCL,news_social_sentiment,research/data/eodhd/raw/news_social_sentiment/RCL.json,,True
REG,news_social_sentiment,research/data/eodhd/raw/news_social_sentiment/REG.json,,True
REGN,news_social_sentiment,research/data/eodhd/raw/news_social_sentiment/REGN.json,,True
RELX,news_social_sentiment,research/data/eodhd/raw/news_social_sentiment/RELX.json,,True
RF,news_social_sentiment,research/data/eodhd/raw/news_social_sentiment/RF.json,,True
RIO,news_social_sentiment,research/data/eodhd/raw/news_social_sentiment/RIO.json,,True
RJF,news_social_sentiment,research/data/eodhd/raw/news_social_sentiment/RJF.json,,True
RKLB,news_social_sentiment,research/data/eodhd/raw/news_social_sentiment/RKLB.json,,True
RL,news_social_sentiment,research/data/eodhd/raw/news_social_sentiment/RL.json,,True
RMD,news_social_sentiment,research/data/eodhd/raw/news_social_sentiment/RMD.json,,True
ROK,news_social_sentiment,research/data/eodhd/raw/news_social_sentiment/ROK.json,,True
ROL,news_social_sentiment,research/data/eodhd/raw/news_social_sentiment/ROL.json,,True
ROP,news_social_sentiment,research/data/eodhd/raw/news_social_sentiment/ROP.json,,True
ROST,news_social_sentiment,research/data/eodhd/raw/news_social_sentiment/ROST.json,,True
RSG,news_social_sentiment,research/data/eodhd/raw/news_social_sentiment/RSG.json,,True
RTNTF,news_social_sentiment,research/data/eodhd/raw/news_social_sentiment/RTNTF.json,,True
RTX,news_social_sentiment,research/data/eodhd/raw/news_social_sentiment/RTX.json,,True
RVTY,news_social_sentiment,research/data/eodhd/raw/news_social_sentiment/RVTY.json,,True
RY,news_social_sentiment,research/data/eodhd/raw/news_social_sentiment/RY.json,,True
SAN,news_social_sentiment,research/data/eodhd/raw/news_social_sentiment/SAN.json,,True
SAP,news_social_sentiment,research/data/eodhd/raw/news_social_sentiment/SAP.json,,True
SATS,news_social_sentiment,research/data/eodhd/raw/news_social_sentiment/SATS.json,,True
SBAC,news_social_sentiment,research/data/eodhd/raw/news_social_sentiment/SBAC.json,,True
SBUX,news_social_sentiment,research/data/eodhd/raw/news_social_sentiment/SBUX.json,,True
SCCO,news_social_sentiment,research/data/eodhd/raw/news_social_sentiment/SCCO.json,,True
SCHW,news_social_sentiment,research/data/eodhd/raw/news_social_sentiment/SCHW.json,,True
SHEL,news_social_sentiment,research/data/eodhd/raw/news_social_sentiment/SHEL.json,,True
SHOP,news_social_sentiment,research/data/eodhd/raw/news_social_sentiment/SHOP.json,,True
SHW,news_social_sentiment,research/data/eodhd/raw/news_social_sentiment/SHW.json,,True
SJM,news_social_sentiment,research/data/eodhd/raw/news_social_sentiment/SJM.json,,True
SLB,news_social_sentiment,research/data/eodhd/raw/news_social_sentiment/SLB.json,,True
SMERY,news_social_sentiment,research/data/eodhd/raw/news_social_sentiment/SMERY.json,,True
SMFG,news_social_sentiment,research/data/eodhd/raw/news_social_sentiment/SMFG.json,,True
SNA,news_social_sentiment,research/data/eodhd/raw/news_social_sentiment/SNA.json,,True
SNDK,news_social_sentiment,research/data/eodhd/raw/news_social_sentiment/SNDK.json,,True
SNOW,news_social_sentiment,research/data/eodhd/raw/news_social_sentiment/SNOW.json,,True
SNPS,news_social_sentiment,research/data/eodhd/raw/news_social_sentiment/SNPS.json,,True
SNY,news_social_sentiment,research/data/eodhd/raw/news_social_sentiment/SNY.json,,True
SO,news_social_sentiment,research/data/eodhd/raw/news_social_sentiment/SO.json,,True
SOLV,news_social_sentiment,research/data/eodhd/raw/news_social_sentiment/SOLV.json,,True
SONY,news_social_sentiment,research/data/eodhd/raw/news_social_sentiment/SONY.json,,True
SPG,news_social_sentiment,research/data/eodhd/raw/news_social_sentiment/SPG.json,,True
SPGI,news_social_sentiment,research/data/eodhd/raw/news_social_sentiment/SPGI.json,,True
SPOT,news_social_sentiment,research/data/eodhd/raw/news_social_sentiment/SPOT.json,,True
SRE,news_social_sentiment,research/data/eodhd/raw/news_social_sentiment/SRE.json,,True
STE,news_social_sentiment,research/data/eodhd/raw/news_social_sentiment/STE.json,,True
STLD,news_social_sentiment,research/data/eodhd/raw/news_social_sentiment/STLD.json,,True
STM,news_social_sentiment,research/data/eodhd/raw/news_social_sentiment/STM.json,,True
STT,news_social_sentiment,research/data/eodhd/raw/news_social_sentiment/STT.json,,True
STX,news_social_sentiment,research/data/eodhd/raw/news_social_sentiment/STX.json,,True
STZ,news_social_sentiment,research/data/eodhd/raw/news_social_sentiment/STZ.json,,True
SU,news_social_sentiment,research/data/eodhd/raw/news_social_sentiment/SU.json,,True
SW,news_social_sentiment,research/data/eodhd/raw/news_social_sentiment/SW.json,,True
SWK,news_social_sentiment,research/data/eodhd/raw/news_social_sentiment/SWK.json,,True
